Player,Season,PER,percentile_per,state
Sim Bhullar,2014-15,44.3,99,NM
Anthony Brown,2017-18,41.9,99,IL
Eric Moreland,2014-15,40.8,99,OR
David Stockton,2017-18,33.9,99,WA
Orien Greene,2010-11,33.0,99,LA
Rakeem Christmas,2015-16,32.0,99,NY
Jarnell Stokes,2016-17,31.5,99,TN
Stephen Curry,2015-16,31.5,99,NC
Tyrus Thomas,2014-15,31.4,99,LA
Tony Mitchell,2013-14,30.9,99,IN
Anthony Davis,2014-15,30.8,99,TX
Demetrius Jackson,2016-17,30.8,99,IN
Russell Westbrook,2016-17,30.6,99,CA
James Harden,2017-18,29.8,99,AZ
Kevin Durant,2013-14,29.8,99,TX
Henry Sims,2012-13,29.2,99,DC
Russell Westbrook,2014-15,29.1,99,CA
Anthony Davis,2017-18,28.9,99,TX
Kevin Durant,2012-13,28.3,99,TX
Stephen Curry,2017-18,28.2,99,NC
Kevin Durant,2015-16,28.2,99,TX
Stephen Curry,2014-15,28.0,99,NC
Kevin Durant,2016-17,27.6,99,TX
Kawhi Leonard,2016-17,27.6,99,CA
Kevin Durant,2014-15,27.6,99,TX
Russell Westbrook,2015-16,27.6,99,CA
Anthony Davis,2016-17,27.5,99,TX
James Harden,2016-17,27.4,98,AZ
Chris Paul,2011-12,27.0,98,NC
Kevin Love,2013-14,26.9,98,CA
James Harden,2014-15,26.7,98,AZ
Isaiah Thomas,2016-17,26.5,98,IN
Anthony Davis,2013-14,26.5,98,TX
Chris Paul,2012-13,26.4,98,NC
Dwyane Wade,2011-12,26.3,98,WI
Chris Paul,2015-16,26.2,98,NC
Kevin Durant,2011-12,26.2,98,TX
Chris Paul,2016-17,26.2,98,NC
Hassan Whiteside,2014-15,26.2,98,WV
MarShon Brooks,2017-18,26.1,98,RI
DeMarcus Cousins,2013-14,26.1,98,KY
Josh Huestis,2016-17,26.1,98,CA
Chris Paul,2014-15,26.0,98,NC
Kawhi Leonard,2015-16,26.0,98,CA
Kevin Durant,2017-18,26.0,98,TX
Kawhi Leonard,2017-18,26.0,98,CA
Chris Paul,2013-14,25.9,98,NC
Karl-Anthony Towns,2016-17,25.9,98,KY
DeMarcus Cousins,2016-17,25.8,98,KY
Hassan Whiteside,2015-16,25.7,98,WV
Dwyane Wade,2010-11,25.6,98,WI
Jonathan Gibson,2017-18,25.4,98,NM
Brook Lopez,2013-14,25.4,98,CA
Kevin Love,2011-12,25.4,98,CA
James Harden,2015-16,25.3,98,AZ
DeMarcus Cousins,2014-15,25.2,97,KY
JaVale McGee,2016-17,25.2,97,NV
Damian Lillard,2017-18,25.2,97,UT
Jimmy Butler,2016-17,25.1,97,WI
Kyrie Irving,2017-18,25.0,97,NC
LaMarcus Aldridge,2017-18,25.0,97,TX
Anthony Davis,2015-16,25.0,97,TX
Karl-Anthony Towns,2017-18,24.9,97,KY
Carmelo Anthony,2012-13,24.8,97,NY
Brook Lopez,2012-13,24.7,97,CA
Russell Westbrook,2017-18,24.7,97,CA
Montrezl Harrell,2017-18,24.7,97,KY
Russell Westbrook,2013-14,24.7,97,CA
Stephen Curry,2016-17,24.6,97,NC
Chris Paul,2017-18,24.4,97,NC
Tim Duncan,2012-13,24.4,97,NC
Carmelo Anthony,2013-14,24.4,97,NY
Kevin Love,2010-11,24.3,97,CA
Stephen Curry,2013-14,24.1,97,NC
Joel Embiid,2016-17,24.1,97,KS
Damian Lillard,2016-17,24.1,97,UT
Shawn Long,2016-17,24.1,97,LA
Hassan Whiteside,2017-18,24.1,97,WV
DeMar DeRozan,2016-17,24.0,97,CA
Dwyane Wade,2012-13,24.0,97,WI
Coty Clarke,2015-16,23.9,97,AR
Blake Griffin,2013-14,23.9,97,OK
Russell Westbrook,2012-13,23.9,97,CA
Jimmy Butler,2017-18,23.7,97,WI
Chris Paul,2010-11,23.7,97,NC
Russell Westbrook,2010-11,23.6,96,CA
Kevin Durant,2010-11,23.6,96,TX
DeMarcus Cousins,2015-16,23.6,96,KY
Derrick Rose,2010-11,23.5,96,TN
Brandan Wright,2013-14,23.5,96,CA
James Harden,2013-14,23.5,96,AZ
Blake Griffin,2011-12,23.4,96,OK
Mike Conley,2016-17,23.2,96,OH
John Wall,2016-17,23.2,96,KY
Victor Oladipo,2017-18,23.1,96,IN
Kyrie Irving,2016-17,23.0,96,NC
Derrick Rose,2011-12,23.0,96,TN
James Harden,2012-13,23.0,96,AZ
Russell Westbrook,2011-12,22.9,96,CA
Kyle Lowry,2016-17,22.9,96,PA
Andre Drummond,2017-18,22.9,96,CT
Joel Embiid,2017-18,22.9,96,KS
Arinze Onuaku,2014-15,22.8,96,NY
LaMarcus Aldridge,2014-15,22.8,96,TX
Blake Griffin,2014-15,22.8,96,OK
Brook Lopez,2014-15,22.7,96,CA
LaMarcus Aldridge,2011-12,22.7,96,TX
Andre Drummond,2013-14,22.6,96,CT
DeMarcus Cousins,2017-18,22.6,96,KY
Zach Randolph,2010-11,22.6,96,MI
Hassan Whiteside,2016-17,22.6,96,WV
Blake Griffin,2016-17,22.6,96,OK
Tim Duncan,2014-15,22.6,96,NC
Karl-Anthony Towns,2015-16,22.5,95,KY
Michael Beasley,2015-16,22.5,95,KS
Tim Duncan,2011-12,22.5,95,NC
Kevin Love,2017-18,22.4,95,CA
Carl Landry,2015-16,22.4,95,IN
LaMarcus Aldridge,2015-16,22.4,95,TX
Blake Griffin,2012-13,22.4,95,OK
JaVale McGee,2017-18,22.3,95,NV
Kyle Lowry,2015-16,22.2,95,PA
Damian Lillard,2015-16,22.2,95,UT
Gordon Hayward,2016-17,22.2,95,IN
Blake Griffin,2015-16,22.1,95,OK
Greg Monroe,2011-12,22.0,95,DC
Dwyane Wade,2013-14,22.0,95,WI
Al Horford,2013-14,22.0,95,FL
Kawhi Leonard,2014-15,22.0,95,CA
Tim Duncan,2010-11,21.9,95,NC
Blake Griffin,2010-11,21.9,95,OK
Kenneth Faried,2011-12,21.9,95,KY
Brook Lopez,2011-12,21.9,95,CA
Paul Millsap,2011-12,21.8,95,LA
Greg Monroe,2015-16,21.8,95,DC
LaMarcus Aldridge,2013-14,21.8,95,TX
Derrick Favors,2014-15,21.8,95,GA
DeAndre Jordan,2016-17,21.8,95,TX
Brook Lopez,2015-16,21.7,95,CA
Carmelo Anthony,2010-11,21.7,95,NY
Anthony Davis,2012-13,21.7,95,TX
DeMarcus Cousins,2011-12,21.7,95,KY
Brandan Wright,2011-12,21.6,94,CA
Andre Drummond,2012-13,21.6,94,CT
Derrick Favors,2015-16,21.6,94,GA
Patty Mills,2011-12,21.5,94,LA
Nikola Vucevic,2014-15,21.5,94,CA
DeMar DeRozan,2015-16,21.5,94,CA
Carmelo Anthony,2014-15,21.5,94,NY
Isaiah Thomas,2015-16,21.5,94,IN
LaMarcus Aldridge,2010-11,21.5,94,TX
George Hill,2014-15,21.5,94,IN
Kyrie Irving,2014-15,21.5,94,NC
Lou Williams,2016-17,21.4,94,FL
Kyrie Irving,2011-12,21.4,94,NC
Andre Drummond,2014-15,21.4,94,CT
Al Horford,2014-15,21.4,94,FL
Kevin Martin,2010-11,21.4,94,OH
Dwyane Wade,2014-15,21.4,94,WI
Kyrie Irving,2012-13,21.4,94,NC
Paul Millsap,2015-16,21.3,94,LA
Jimmy Butler,2015-16,21.3,94,WI
Jimmy Butler,2014-15,21.3,94,WI
Tim Duncan,2013-14,21.3,94,NC
Stephen Curry,2012-13,21.3,94,NC
Kemba Walker,2016-17,21.3,94,KY
Cole Aldrich,2015-16,21.3,94,KS
Greg Monroe,2014-15,21.2,94,DC
Greg Monroe,2017-18,21.2,94,DC
Andre Drummond,2015-16,21.2,94,CT
Ryan Anderson,2011-12,21.2,94,CA
Stephen Curry,2011-12,21.2,94,NC
Alan Williams,2015-16,21.1,93,IA
Greg Monroe,2016-17,21.1,93,DC
Tyreke Evans,2017-18,21.1,93,TN
Carmelo Anthony,2011-12,21.1,93,NY
James Harden,2011-12,21.1,93,AZ
Josh Smith,2011-12,21.1,93,CO
Nikola Vucevic,2015-16,21.1,93,CA
Kevin Love,2016-17,21.1,93,CA
Deron Williams,2010-11,21.1,93,IL
DeMar DeRozan,2017-18,21.0,93,CA
Trey Burke,2017-18,21.0,93,MI
Kenneth Faried,2015-16,21.0,93,KY
DeAndre Jordan,2014-15,21.0,93,TX
Brandan Wright,2012-13,21.0,93,CA
Paul George,2015-16,20.9,93,CA
Andre Drummond,2016-17,20.9,93,CT
David West,2017-18,20.9,93,OH
John Wall,2012-13,20.8,93,KY
Klay Thompson,2014-15,20.8,93,WA
Steve Nash,2010-11,20.8,93,CA
Kemba Walker,2015-16,20.8,93,KY
Damian Lillard,2014-15,20.7,93,UT
JaVale McGee,2012-13,20.7,93,NV
Al Horford,2010-11,20.7,93,FL
DeAndre Jordan,2015-16,20.6,93,TX
Steven Adams,2017-18,20.6,93,PA
Kemba Walker,2017-18,20.6,93,KY
Jeff Teague,2014-15,20.6,93,NC
Isaiah Thomas,2014-15,20.6,93,IN
Eric Bledsoe,2016-17,20.5,92,KY
Kyle O'Quinn,2016-17,20.5,92,VA
Jeremy Evans,2014-15,20.5,92,KY
Isaiah Thomas,2013-14,20.5,92,IN
Brandan Wright,2014-15,20.4,92,CA
LaMarcus Aldridge,2012-13,20.4,92,TX
David West,2010-11,20.4,92,OH
Brook Lopez,2016-17,20.4,92,CA
Nerlens Noel,2016-17,20.4,92,KY
Carmelo Anthony,2015-16,20.3,92,NY
Deron Williams,2011-12,20.3,92,IL
Steve Nash,2011-12,20.3,92,CA
Dwyane Wade,2015-16,20.3,92,WI
Deron Williams,2012-13,20.3,92,IL
Kenneth Faried,2016-17,20.3,92,KY
Lou Williams,2011-12,20.2,92,FL
DeMarcus Cousins,2012-13,20.2,92,KY
Paul George,2016-17,20.2,92,CA
Gordon Hayward,2014-15,20.2,92,IN
Chris Bosh,2015-16,20.2,92,GA
Lou Williams,2017-18,20.2,92,FL
Larry Nance,2017-18,20.2,92,SC
DeAndre Jordan,2017-18,20.2,92,TX
Bradley Beal,2016-17,20.1,91,FL
David West,2012-13,20.1,91,OH
Paul George,2013-14,20.1,91,CA
Kyrie Irving,2013-14,20.1,91,NC
Kyle Lowry,2013-14,20.1,91,PA
Joakim Noah,2013-14,20.0,91,FL
Eric Bledsoe,2015-16,20.0,91,KY
Chris Bosh,2012-13,20.0,91,GA
Kyle O'Quinn,2017-18,20.0,91,VA
Jarnell Stokes,2015-16,20.0,91,TN
Mike Conley,2013-14,20.0,91,OH
Ed Davis,2014-15,20.0,91,CA
Paul Millsap,2014-15,20.0,91,LA
Shayne Whittington,2014-15,20.0,91,MI
Kyrie Irving,2015-16,19.9,91,NC
Jeremy Lin,2011-12,19.9,91,MA
JaVale McGee,2011-12,19.9,91,NV
Shabazz Muhammad,2014-15,19.9,91,CA
John Wall,2014-15,19.9,91,KY
Lou Williams,2014-15,19.9,91,FL
JaVale McGee,2015-16,19.9,91,NV
Jeremy Evans,2012-13,19.9,91,KY
Julius Randle,2017-18,19.9,91,KY
John Wall,2015-16,19.8,91,KY
Chris Bosh,2014-15,19.8,91,GA
Kenneth Faried,2013-14,19.8,91,KY
Paul Millsap,2010-11,19.8,91,LA
Paul Millsap,2013-14,19.8,91,LA
Paul Millsap,2012-13,19.8,91,LA
Al Horford,2012-13,19.8,91,FL
Brandon Bass,2016-17,19.7,90,LA
Jrue Holiday,2015-16,19.7,90,CA
Nikola Vucevic,2017-18,19.7,90,CA
Joel Bolomboy,2016-17,19.7,90,UT
Jack Cooley,2017-18,19.7,90,IN
Bobby Portis,2017-18,19.7,90,AR
Carlos Boozer,2011-12,19.7,90,NC
David Lee,2011-12,19.7,90,CA
Rudy Gay,2014-15,19.7,90,CT
Paul Pierce,2010-11,19.7,90,KS
Eric Bledsoe,2017-18,19.7,90,KY
David Lee,2015-16,19.6,90,CA
Reggie Jackson,2015-16,19.6,90,MA
James Singleton,2011-12,19.6,90,KY
Blake Griffin,2017-18,19.6,90,OK
Paul Pierce,2011-12,19.6,90,KS
Joakim Noah,2011-12,19.6,90,FL
Jeremy Evans,2011-12,19.6,90,KY
Eric Bledsoe,2013-14,19.6,90,KY
John Wall,2013-14,19.5,90,KY
Kyle Lowry,2017-18,19.5,90,PA
Zach Randolph,2014-15,19.5,90,MI
Greg Monroe,2012-13,19.5,90,DC
Alan Williams,2016-17,19.5,90,IA
Marreese Speights,2014-15,19.5,90,FL
Mike Conley,2015-16,19.4,90,OH
Alex Len,2017-18,19.4,90,MD
Chris Bosh,2010-11,19.4,90,GA
Stephen Curry,2010-11,19.4,90,NC
Ty Lawson,2011-12,19.4,90,CA
Al Horford,2015-16,19.4,90,FL
Devin Ebanks,2010-11,19.4,90,WV
Lamar Odom,2010-11,19.4,90,RI
Kawhi Leonard,2013-14,19.4,90,CA
Kyle Lowry,2014-15,19.3,89,PA
Maalik Wayns,2013-14,19.3,89,PA
Draymond Green,2015-16,19.3,89,MI
George Hill,2016-17,19.3,89,IN
Roy Hibbert,2011-12,19.3,89,DC
Brook Lopez,2010-11,19.3,89,CA
Jordan Hill,2013-14,19.3,89,AZ
Josh Smith,2010-11,19.2,89,CO
Jeff Teague,2016-17,19.2,89,NC
Willie Reed,2017-18,19.2,89,LA
Willie Reed,2015-16,19.2,89,LA
Montrezl Harrell,2016-17,19.2,89,KY
Jeremy Lin,2016-17,19.2,89,MA
David Lee,2012-13,19.2,89,CA
Eric Gordon,2011-12,19.2,89,IN
Terrence Jones,2013-14,19.1,89,KY
David Lee,2013-14,19.1,89,CA
Jorge Gutierrez,2015-16,19.1,89,CA
Paul Pierce,2012-13,19.1,89,KS
Cole Aldrich,2013-14,19.1,89,KS
Jordan Crawford,2017-18,19.1,89,KY
Jabari Parker,2016-17,19.1,89,NC
Nikola Vucevic,2016-17,19.1,89,CA
John Wall,2017-18,19.1,89,KY
Derrick Favors,2013-14,19.0,88,GA
Ramon Sessions,2010-11,19.0,88,NV
Ryan Anderson,2010-11,19.0,88,CA
Chris Andersen,2010-11,19.0,88,TX
Mason Plumlee,2013-14,19.0,88,NC
Ty Lawson,2013-14,19.0,88,CA
Al Horford,2011-12,19.0,88,FL
Chris Bosh,2013-14,19.0,88,GA
Brandan Wright,2017-18,19.0,88,CA
Kevin Love,2015-16,19.0,88,CA
Tyler Zeller,2014-15,18.9,88,CA
Jannero Pargo,2013-14,18.9,88,AR
Robin Lopez,2012-13,18.9,88,CA
Thaddeus Young,2011-12,18.9,88,GA
Chris Bosh,2011-12,18.9,88,GA
Chris Andersen,2011-12,18.9,88,TX
Lou Williams,2010-11,18.9,88,FL
Dwight Powell,2017-18,18.8,88,CA
Darren Collison,2017-18,18.8,88,CA
Jeff Withey,2016-17,18.8,88,KS
Kemba Walker,2012-13,18.8,88,KY
Joakim Noah,2010-11,18.8,88,FL
Jeremy Evans,2010-11,18.8,88,KY
Carlos Boozer,2010-11,18.8,88,NC
Derrick Favors,2017-18,18.8,88,GA
Nikola Vucevic,2013-14,18.8,88,CA
Ryan Anderson,2013-14,18.8,88,CA
Drew Gooden,2011-12,18.8,88,KS
Jrue Holiday,2014-15,18.8,88,CA
Elliot Williams,2011-12,18.8,88,TN
Kyle Lowry,2011-12,18.8,88,PA
Adreian Payne,2017-18,18.8,88,MI
Kevin Love,2014-15,18.8,88,CA
Ed Davis,2015-16,18.7,87,CA
Chauncey Billups,2010-11,18.7,87,CO
Larry Sanders,2012-13,18.7,87,VA
Paul George,2017-18,18.7,87,CA
Archie Goodwin,2016-17,18.7,87,KY
Sean Williams,2011-12,18.7,87,MA
Patty Mills,2013-14,18.7,87,LA
Samuel Dalembert,2012-13,18.6,87,NJ
Richaun Holmes,2016-17,18.6,87,OH
LaMarcus Aldridge,2016-17,18.6,87,TX
Danny Granger,2011-12,18.6,87,NM
Kevon Looney,2015-16,18.6,87,CA
John Henson,2015-16,18.6,87,CA
Mike Conley,2014-15,18.6,87,OH
Damian Lillard,2013-14,18.6,87,UT
Jarnell Stokes,2014-15,18.6,87,TN
Chris Wright,2011-12,18.6,87,OH
Klay Thompson,2015-16,18.6,87,WA
Kenneth Faried,2012-13,18.5,87,KY
Brandan Wright,2016-17,18.5,87,CA
James Johnson,2013-14,18.5,87,NC
Chris Andersen,2013-14,18.5,87,TX
Jordan Hill,2012-13,18.5,87,AZ
Elton Brand,2010-11,18.5,87,NC
Eric Gordon,2010-11,18.5,87,IN
Ty Lawson,2014-15,18.5,87,CA
Dwyane Wade,2016-17,18.5,87,WI
Myles Turner,2016-17,18.5,87,TX
Zach Randolph,2016-17,18.5,87,MI
David Lee,2016-17,18.5,87,CA
Markieff Morris,2013-14,18.4,86,IL
Tyreke Evans,2013-14,18.4,86,TN
Thaddeus Young,2010-11,18.4,86,GA
Chris Johnson,2012-13,18.4,86,CA
Joe Johnson,2011-12,18.4,86,IA
Rodney Stuckey,2010-11,18.4,86,WA
Bradley Beal,2017-18,18.4,86,FL
DeMar DeRozan,2013-14,18.4,86,CA
Drew Gooden,2013-14,18.4,86,KS
Kenneth Faried,2014-15,18.4,86,KY
Eric Bledsoe,2014-15,18.4,86,KY
Otto Porter,2017-18,18.3,86,DC
Terrence Jones,2014-15,18.3,86,KY
Jerome Jordan,2011-12,18.3,86,OK
Gordon Hayward,2015-16,18.3,86,IN
Mike Conley,2012-13,18.3,86,OH
Rudy Gay,2013-14,18.3,86,CT
Zach Randolph,2013-14,18.3,86,MI
Zach Randolph,2015-16,18.3,86,MI
Tony Allen,2010-11,18.3,86,OK
Brandan Wright,2015-16,18.3,86,CA
Carl Landry,2011-12,18.2,86,IN
Vernon Macklin,2011-12,18.2,86,FL
Kris Humphries,2013-14,18.2,86,MN
Thaddeus Young,2012-13,18.2,86,GA
John Henson,2012-13,18.2,86,CA
Tyrus Thomas,2010-11,18.2,86,LA
DeAndre Jordan,2013-14,18.2,86,TX
Brice Johnson,2017-18,18.2,86,UT
Mason Plumlee,2016-17,18.1,85,NC
Spencer Hawes,2011-12,18.1,85,WA
Devin Booker,2017-18,18.1,85,KY
Greg Monroe,2013-14,18.1,85,DC
Tony Mitchell,2013-14,18.1,85,IN
Ryan Anderson,2012-13,18.1,85,CA
Tyreke Evans,2012-13,18.1,85,TN
Joakim Noah,2012-13,18.1,85,FL
Rajon Rondo,2012-13,18.1,85,KY
Cole Aldrich,2014-15,18.1,85,KS
Mason Plumlee,2014-15,18.0,85,NC
Rudy Gay,2017-18,18.0,85,CT
Chris Wilcox,2010-11,18.0,85,MD
John Henson,2014-15,18.0,85,CA
Mike Muscala,2014-15,18.0,85,PA
Greg Monroe,2010-11,18.0,85,DC
Shawn Marion,2012-13,18.0,85,NV
Elton Brand,2011-12,18.0,85,NC
Nate Robinson,2011-12,18.0,85,WA
Jared Sullinger,2014-15,17.9,85,OH
James Johnson,2014-15,17.9,85,NC
Carmelo Anthony,2016-17,17.9,85,NY
Rudy Gay,2016-17,17.9,85,CT
Trey Lyles,2017-18,17.9,85,KY
Mike Harris,2010-11,17.9,85,TX
Ty Lawson,2010-11,17.9,85,CA
Kris Humphries,2011-12,17.9,85,MN
Tyreke Evans,2015-16,17.9,85,TN
John Henson,2013-14,17.9,85,CA
Jarrett Jack,2011-12,17.9,85,GA
Zach Randolph,2011-12,17.9,85,MI
Jeff Teague,2015-16,17.9,85,NC
Ty Lawson,2012-13,17.9,85,CA
Kevin Love,2012-13,17.9,85,CA
Zach Randolph,2012-13,17.9,85,MI
Paul Millsap,2016-17,17.8,84,LA
Steve Novak,2010-11,17.8,84,WI
Michael Beasley,2016-17,17.8,84,KS
Andre Miller,2010-11,17.8,84,MI
David Lee,2010-11,17.8,84,CA
Kris Humphries,2010-11,17.8,84,MN
Nikola Vucevic,2012-13,17.8,84,CA
Ed Davis,2012-13,17.8,84,CA
Kelly Olynyk,2017-18,17.8,84,WA
Rudy Gay,2010-11,17.8,84,CT
Vince Carter,2012-13,17.8,84,CA
Danny Granger,2010-11,17.8,84,NM
Meyers Leonard,2017-18,17.8,84,IL
Jrue Holiday,2017-18,17.8,84,CA
Michael Beasley,2017-18,17.8,84,KS
Rudy Gay,2011-12,17.8,84,CT
Aron Baynes,2015-16,17.8,84,WA
David West,2011-12,17.8,84,OH
James Ennis,2015-16,17.8,84,CA
Delon Wright,2015-16,17.8,84,UT
David Lee,2014-15,17.8,84,CA
Ramon Sessions,2012-13,17.7,83,NV
Jeff Withey,2015-16,17.7,83,KS
Cole Aldrich,2011-12,17.7,83,KS
Jerryd Bayless,2011-12,17.7,83,AZ
John Wall,2011-12,17.7,83,KY
Tyreke Evans,2014-15,17.7,83,TN
Al Horford,2016-17,17.7,83,FL
Josh Smith,2012-13,17.7,83,CO
Lou Williams,2015-16,17.7,83,FL
Festus Ezeli,2015-16,17.7,83,TN
Robin Lopez,2013-14,17.7,83,CA
Robin Lopez,2015-16,17.6,83,CA
David West,2015-16,17.6,83,OH
Al Horford,2017-18,17.6,83,FL
Kemba Walker,2014-15,17.6,83,KY
Dwight Powell,2016-17,17.6,83,CA
Earl Boykins,2010-11,17.6,83,MI
Jeff Withey,2014-15,17.6,83,KS
Willie Cauley-Stein,2017-18,17.6,83,KY
Jordan Crawford,2016-17,17.6,83,KY
Jon Leuer,2013-14,17.6,83,WI
DeJuan Blair,2011-12,17.6,83,PA
Chris Copeland,2013-14,17.6,83,CO
Deron Williams,2013-14,17.6,83,IL
Isaiah Thomas,2011-12,17.6,83,IN
Rodney Stuckey,2011-12,17.6,83,WA
Ryan Reid,2011-12,17.6,83,FL
Anthony Randolph,2011-12,17.6,83,LA
Andre Iguodala,2011-12,17.6,83,AZ
Kosta Koufos,2017-18,17.5,82,OH
Thaddeus Young,2015-16,17.5,82,GA
Derrick Favors,2012-13,17.5,82,GA
Eric Bledsoe,2012-13,17.5,82,KY
Carl Landry,2012-13,17.5,82,IN
David West,2013-14,17.5,82,OH
Kyle Lowry,2012-13,17.5,82,PA
Isaiah Thomas,2012-13,17.5,82,IN
Marreese Speights,2016-17,17.5,82,FL
Darren Collison,2014-15,17.5,82,CA
Kyle O'Quinn,2015-16,17.5,82,VA
Rajon Rondo,2011-12,17.5,82,KY
Jakob Poeltl,2017-18,17.5,82,UT
Domantas Sabonis,2017-18,17.5,82,WA
Nate Robinson,2012-13,17.4,82,WA
JaVale McGee,2010-11,17.4,82,NV
Charlie Villanueva,2014-15,17.4,82,CT
DeMar DeRozan,2014-15,17.4,82,CA
Jeff Adrien,2013-14,17.4,82,CT
Miles Plumlee,2015-16,17.4,82,NC
Khris Middleton,2017-18,17.4,82,TX
Brandon Bass,2015-16,17.4,82,LA
Chris Andersen,2012-13,17.4,82,TX
Klay Thompson,2016-17,17.4,82,WA
Jordan Farmar,2011-12,17.4,82,CA
Richaun Holmes,2017-18,17.4,82,OH
Kenneth Faried,2017-18,17.4,82,KY
Marcus Thornton,2011-12,17.4,82,LA
John Jenkins,2016-17,17.3,81,TN
Otto Porter,2016-17,17.3,81,DC
Thomas Robinson,2016-17,17.3,81,KS
Kosta Koufos,2011-12,17.3,81,OH
Jordan Adams,2015-16,17.3,81,CA
Mario Chalmers,2015-16,17.3,81,KS
Jamal Crawford,2013-14,17.3,81,MI
Marreese Speights,2012-13,17.3,81,FL
Roy Hibbert,2012-13,17.3,81,DC
DeJuan Blair,2013-14,17.3,81,PA
Chris Kaman,2014-15,17.3,81,MI
Zach Randolph,2017-18,17.3,81,MI
Derrick Williams,2015-16,17.2,81,IL
Mason Plumlee,2015-16,17.2,81,NC
Ryan Anderson,2015-16,17.2,81,CA
Gorgui Dieng,2014-15,17.2,81,KY
Brice Johnson,2016-17,17.2,81,UT
Elfrid Payton,2016-17,17.2,81,LA
DeAndre Jordan,2012-13,17.2,81,TX
Kosta Koufos,2012-13,17.2,81,OH
Devin Harris,2010-11,17.2,81,WI
Reggie Jackson,2014-15,17.2,81,MA
Andre Iguodala,2010-11,17.2,81,AZ
Marreese Speights,2015-16,17.1,81,FL
Willie Reed,2016-17,17.1,81,LA
Jahlil Okafor,2015-16,17.1,81,NC
Gorgui Dieng,2015-16,17.1,81,KY
DeJuan Blair,2010-11,17.1,81,PA
Rajon Rondo,2010-11,17.1,81,KY
Jabari Parker,2017-18,17.1,81,NC
Tobias Harris,2017-18,17.1,81,LA
Carlos Boozer,2012-13,17.1,81,NC
Terrence Jones,2012-13,17.1,81,KY
Jeff Teague,2013-14,17.1,81,NC
Jrue Holiday,2013-14,17.1,81,CA
Jrue Holiday,2016-17,17.1,81,CA
Derrick Favors,2011-12,17.1,81,GA
Brandon Knight,2014-15,17.1,81,CA
Chris Kaman,2013-14,17.0,80,MI
Andrew Bogut,2013-14,17.0,80,UT
Hilton Armstrong,2013-14,17.0,80,CT
Paul Millsap,2017-18,17.0,80,LA
Cheick Diallo,2017-18,17.0,80,KS
Jeremy Lamb,2017-18,17.0,80,CT
Baron Davis,2010-11,17.0,80,CA
Aaron Gordon,2015-16,17.0,80,AZ
Dewayne Dedmon,2015-16,17.0,80,CA
James Johnson,2016-17,17.0,80,NC
Shawn Marion,2010-11,17.0,80,NV
Derrick Rose,2016-17,17.0,80,TN
Jeremy Lamb,2016-17,17.0,80,CT
Mason Plumlee,2017-18,16.9,80,NC
Tim Duncan,2015-16,16.9,80,NC
Jordan Clarkson,2014-15,16.9,80,MI
Jordan Hamilton,2012-13,16.9,80,TX
Rondae Hollis-Jefferson,2017-18,16.9,80,AZ
Michael Kidd-Gilchrist,2015-16,16.9,80,KY
Samuel Dalembert,2011-12,16.9,80,NJ
Taj Gibson,2011-12,16.9,80,CA
Rajon Rondo,2015-16,16.9,80,KY
Tobias Harris,2016-17,16.9,80,LA
Gordon Hayward,2012-13,16.8,79,IN
Paul George,2012-13,16.8,79,CA
Chris Copeland,2012-13,16.8,79,CO
Jerome Jordan,2014-15,16.8,79,OK
Cheick Diallo,2016-17,16.8,79,KS
Skal Labissiere,2016-17,16.8,79,KY
Mike Conley,2011-12,16.8,79,OH
Khris Middleton,2015-16,16.8,79,TX
Dwight Powell,2015-16,16.8,79,CA
Marvin Williams,2015-16,16.8,79,AL
Jason Smith,2012-13,16.8,79,LA
Jeff Teague,2012-13,16.8,79,NC
Antawn Jamison,2010-11,16.8,79,CA
Samuel Dalembert,2013-14,16.8,79,NJ
Kemba Walker,2013-14,16.8,79,KY
Paul Pierce,2013-14,16.8,79,KS
Jamal Crawford,2012-13,16.8,79,MI
Michael Beasley,2013-14,16.8,79,KS
Ramon Sessions,2011-12,16.7,79,NV
Kevin Martin,2014-15,16.7,79,OH
Tobias Harris,2014-15,16.7,79,LA
Jrue Holiday,2012-13,16.7,79,CA
Victor Oladipo,2015-16,16.7,79,IN
Rasheed Wallace,2012-13,16.7,79,CA
Jared Sullinger,2015-16,16.7,79,OH
Andrew Bogut,2010-11,16.7,79,UT
Patrick Patterson,2010-11,16.7,79,KY
Cody Zeller,2016-17,16.7,79,IN
Arnett Moultrie,2012-13,16.7,79,MS
Will Bynum,2012-13,16.6,78,GA
Kawhi Leonard,2011-12,16.6,78,CA
Wilson Chandler,2012-13,16.6,78,IL
George Hill,2012-13,16.6,78,IN
Jason Smith,2011-12,16.6,78,LA
Mitch McGary,2014-15,16.6,78,MI
Mike Dunleavy,2011-12,16.6,78,SC
David West,2016-17,16.6,78,OH
Jamal Crawford,2014-15,16.6,78,MI
Myles Turner,2017-18,16.6,78,TX
Thaddeus Young,2013-14,16.6,78,GA
Wade Baldwin,2017-18,16.6,78,TN
Deyonta Davis,2017-18,16.6,78,MI
Raymond Felton,2010-11,16.6,78,CA
Andrew Wiggins,2015-16,16.5,77,KS
Kyle Lowry,2010-11,16.5,77,PA
Marcus Thornton,2010-11,16.5,77,LA
Hakim Warrick,2010-11,16.5,77,NY
Aaron Gordon,2017-18,16.5,77,AZ
Paul George,2011-12,16.5,77,CA
Brandon Knight,2013-14,16.5,77,CA
Danny Green,2014-15,16.5,77,CA
Gorgui Dieng,2013-14,16.5,77,KY
Tobias Harris,2013-14,16.5,77,LA
Kosta Koufos,2013-14,16.5,77,OH
Kyle O'Quinn,2013-14,16.5,77,VA
Chris Wright,2013-14,16.5,77,OH
Elfrid Payton,2017-18,16.5,77,LA
Delon Wright,2017-18,16.5,77,UT
Steven Adams,2016-17,16.5,77,PA
Draymond Green,2016-17,16.5,77,MI
Gary Harris,2016-17,16.5,77,MI
Andrew Wiggins,2016-17,16.5,77,KS
Gary Harris,2017-18,16.5,77,MI
Kevin Martin,2011-12,16.5,77,OH
Reggie Williams,2013-14,16.4,77,DC
Jordan Clarkson,2017-18,16.4,77,MI
Brook Lopez,2017-18,16.4,77,CA
Emeka Okafor,2017-18,16.4,77,CT
Jeff Teague,2017-18,16.4,77,NC
Damian Lillard,2012-13,16.4,77,UT
Ray Allen,2010-11,16.4,77,FL
Jared Sullinger,2013-14,16.4,77,OH
Gerald Henderson,2012-13,16.4,77,VA
Joe Johnson,2010-11,16.4,77,IA
Christian Wood,2015-16,16.4,77,NV
Jordan Hill,2015-16,16.4,77,AZ
Kawhi Leonard,2012-13,16.4,77,CA
Jason Thompson,2011-12,16.4,77,SC
DeAndre Jordan,2011-12,16.4,77,TX
Draymond Green,2014-15,16.4,77,MI
Carlos Boozer,2014-15,16.4,77,NC
Tyreke Evans,2011-12,16.4,77,TN
James Harden,2010-11,16.4,77,AZ
Tyler Hansbrough,2010-11,16.4,77,CA
Kelly Olynyk,2015-16,16.3,76,WA
Brad Miller,2010-11,16.3,76,IN
Brandon Bass,2014-15,16.3,76,LA
Kevin Martin,2013-14,16.3,76,OH
Mike Scott,2012-13,16.3,76,VA
Harrison Barnes,2016-17,16.3,76,MA
Chandler Parsons,2014-15,16.3,76,FL
Julius Randle,2016-17,16.3,76,KY
Darren Collison,2012-13,16.3,76,CA
Chris Kaman,2012-13,16.3,76,MI
Willie Cauley-Stein,2016-17,16.3,76,KY
Marcus Thornton,2012-13,16.3,76,LA
Greivis Vasquez,2012-13,16.3,76,MD
Nerlens Noel,2017-18,16.2,76,KY
Anthony Randolph,2010-11,16.2,76,LA
Darren Collison,2013-14,16.2,76,CA
Jordan Hill,2014-15,16.2,76,AZ
Hassan Whiteside,2011-12,16.2,76,WV
Charlie Villanueva,2011-12,16.2,76,CT
Marcus Camby,2011-12,16.2,76,MA
Festus Ezeli,2014-15,16.2,76,TN
Jerami Grant,2017-18,16.2,76,NY
Will Barton,2017-18,16.2,76,TN
Robin Lopez,2014-15,16.2,76,CA
Chuck Hayes,2010-11,16.2,76,KY
Nerlens Noel,2015-16,16.2,76,KY
Chandler Parsons,2015-16,16.2,76,FL
Jeremy Evans,2013-14,16.2,76,KY
Gerald Wallace,2010-11,16.2,76,AL
Tobias Harris,2015-16,16.2,76,LA
Jon Leuer,2015-16,16.2,76,WI
Gordon Hayward,2013-14,16.2,76,IN
Terrence Jones,2016-17,16.1,75,KY
Taj Gibson,2014-15,16.1,75,CA
Chauncey Billups,2011-12,16.1,75,CO
Klay Thompson,2017-18,16.1,75,WA
Jamal Murray,2017-18,16.1,75,KY
Buddy Hield,2017-18,16.1,75,OK
Draymond Green,2017-18,16.1,75,MI
Tristan Thompson,2012-13,16.1,75,TX
Wesley Matthews,2014-15,16.1,75,WI
Chris Andersen,2014-15,16.1,75,TX
Cody Zeller,2015-16,16.1,75,IN
Henry Sims,2013-14,16.1,75,DC
Antawn Jamison,2011-12,16.1,75,CA
Greg Smith,2012-13,16.1,75,KY
Emeka Okafor,2010-11,16.0,74,CT
Josh McRoberts,2010-11,16.0,74,NC
Spencer Hawes,2012-13,16.0,74,WA
Kevin Martin,2012-13,16.0,74,OH
Steve Nash,2012-13,16.0,74,CA
Tyler Zeller,2017-18,16.0,74,CA
Tobias Harris,2012-13,16.0,74,LA
Troy Daniels,2013-14,16.0,74,VA
Nick Young,2013-14,16.0,74,CA
Dewayne Dedmon,2016-17,16.0,74,CA
Taj Gibson,2013-14,16.0,74,CA
David West,2014-15,16.0,74,OH
Bernard James,2014-15,16.0,74,FL
Lester Hudson,2014-15,16.0,74,TN
Ramon Sessions,2013-14,16.0,74,NV
Will Barton,2015-16,16.0,74,TN
Arron Afflalo,2013-14,16.0,74,CA
Devin Harris,2011-12,16.0,74,WI
Jarrett Jack,2012-13,15.9,74,GA
Lou Williams,2012-13,15.9,74,FL
Shavlik Randolph,2012-13,15.9,74,NC
Ed Davis,2013-14,15.9,74,CA
Quincy Acy,2012-13,15.9,74,TX
Chandler Parsons,2013-14,15.9,74,FL
Vince Carter,2013-14,15.9,74,CA
Steve Novak,2011-12,15.9,74,WI
Kyle Anderson,2017-18,15.9,74,CA
Richaun Holmes,2015-16,15.9,74,OH
Charlie Villanueva,2010-11,15.9,74,CT
Jason Terry,2010-11,15.9,74,AZ
Nazr Mohammed,2010-11,15.9,74,KY
Roy Hibbert,2010-11,15.9,74,DC
Drew Gooden,2010-11,15.9,74,KS
Mike Conley,2010-11,15.9,74,OH
Brandon Bass,2010-11,15.9,74,LA
Andrew Bogut,2015-16,15.9,74,UT
Darren Collison,2015-16,15.9,74,CA
Jeremy Lamb,2015-16,15.9,74,CT
Gerald Wallace,2011-12,15.9,74,AL
Spencer Dinwiddie,2017-18,15.9,74,CO
Tristan Thompson,2015-16,15.9,74,TX
Tyler Johnson,2016-17,15.9,74,CA
Aron Baynes,2014-15,15.9,74,WA
DeMarre Carroll,2014-15,15.9,74,MI
John Jenkins,2014-15,15.9,74,TN
Victor Oladipo,2014-15,15.9,74,IN
Kelly Olynyk,2014-15,15.9,74,WA
Derrick Rose,2014-15,15.9,74,TN
Brandan Wright,2010-11,15.9,74,CA
Ramon Sessions,2015-16,15.9,74,NV
Cody Zeller,2017-18,15.9,74,IN
Fred VanVleet,2017-18,15.9,74,KS
Reggie Jackson,2017-18,15.9,74,MA
Jeremy Lin,2017-18,15.9,74,MA
Jae Crowder,2015-16,15.8,73,WI
Derrick Favors,2016-17,15.8,73,GA
Jimmer Fredette,2013-14,15.8,73,UT
Alec Burks,2013-14,15.8,73,CO
Trevor Ariza,2013-14,15.8,73,CA
Dewayne Dedmon,2017-18,15.8,73,CA
James Johnson,2017-18,15.8,73,NC
Chris McCullough,2017-18,15.8,73,NY
Harrison Barnes,2017-18,15.8,73,MA
Jordan Hill,2011-12,15.8,73,AZ
Jeff Teague,2011-12,15.8,73,NC
Ed Davis,2010-11,15.8,73,CA
Markieff Morris,2014-15,15.8,73,IL
Marvin Williams,2011-12,15.8,73,AL
Emeka Okafor,2012-13,15.8,73,CT
Richard Hamilton,2010-11,15.8,73,CT
Kyle O'Quinn,2012-13,15.8,73,VA
Andrew Bogut,2014-15,15.8,73,UT
John Wall,2010-11,15.8,73,KY
Corey Maggette,2010-11,15.8,73,NC
Deron Williams,2014-15,15.7,72,IL
Thaddeus Young,2014-15,15.7,72,GA
Trevor Booker,2016-17,15.7,72,SC
Larry Nance,2016-17,15.7,72,SC
Tony Allen,2011-12,15.7,72,OK
Jamal Crawford,2011-12,15.7,72,MI
George Hill,2011-12,15.7,72,IN
Jason Terry,2011-12,15.7,72,AZ
Ivan Johnson,2012-13,15.7,72,OR
John Henson,2017-18,15.7,72,CA
Spencer Hawes,2013-14,15.7,72,WA
Wesley Matthews,2013-14,15.7,72,WI
Andre Miller,2012-13,15.7,72,MI
Darrell Arthur,2010-11,15.7,72,KS
Taj Gibson,2015-16,15.7,72,CA
Chris Kaman,2010-11,15.7,72,MI
Tony Allen,2013-14,15.6,71,OK
Channing Frye,2016-17,15.6,71,AZ
Spencer Hawes,2016-17,15.6,71,WA
Darren Collison,2010-11,15.6,71,CA
Jared Dudley,2010-11,15.6,71,MA
Ryan Anderson,2014-15,15.6,71,CA
Jeremy Lin,2014-15,15.6,71,MA
Khris Middleton,2014-15,15.6,71,TX
Sean Kilpatrick,2015-16,15.6,71,OH
Nate Robinson,2013-14,15.6,71,WA
Tristan Thompson,2014-15,15.6,71,TX
Rudy Gay,2012-13,15.6,71,CT
Anthony Randolph,2012-13,15.6,71,LA
Joakim Noah,2017-18,15.6,71,FL
Luol Deng,2010-11,15.5,71,NC
Michael Beasley,2010-11,15.5,71,KS
Luol Deng,2014-15,15.5,71,NC
Cory Joseph,2014-15,15.5,71,TX
Wesley Matthews,2010-11,15.5,71,WI
Ed Davis,2017-18,15.5,71,CA
DeMarre Carroll,2012-13,15.5,71,MI
Joe Johnson,2013-14,15.5,71,IA
Michael Carter-Williams,2013-14,15.5,71,NY
Gordon Hayward,2011-12,15.5,71,IN
Danny Green,2011-12,15.5,71,CA
MarShon Brooks,2013-14,15.5,71,RI
Steven Adams,2015-16,15.5,71,PA
Bradley Beal,2015-16,15.5,71,FL
Rudy Gay,2015-16,15.5,71,CT
Tyreke Evans,2016-17,15.5,71,TN
Seth Curry,2016-17,15.5,71,NC
Will Barton,2016-17,15.5,71,TN
Matt Barnes,2012-13,15.5,71,RI
Matt Barnes,2011-12,15.5,71,RI
Myles Turner,2015-16,15.4,70,TX
Tyler Zeller,2015-16,15.4,70,CA
Eric Gordon,2012-13,15.4,70,IN
Patrick Beverley,2012-13,15.4,70,AR
Kris Humphries,2014-15,15.4,70,MN
Trevor Booker,2011-12,15.4,70,SC
Craig Smith,2010-11,15.4,70,MA
Reggie Jackson,2013-14,15.4,70,MA
James Jones,2013-14,15.4,70,MA
Tyler Zeller,2013-14,15.4,70,CA
Mike Conley,2017-18,15.4,70,OH
Taj Gibson,2017-18,15.4,70,CA
Shabazz Muhammad,2017-18,15.4,70,CA
Ish Smith,2017-18,15.4,70,NC
Roy Hibbert,2014-15,15.4,70,DC
Jared Dudley,2011-12,15.4,70,MA
Ty Lawson,2016-17,15.4,70,CA
Jameer Nelson,2010-11,15.4,70,PA
Jrue Holiday,2010-11,15.4,70,CA
Rodney Stuckey,2014-15,15.4,70,WA
Mo Williams,2014-15,15.4,70,IN
Joakim Noah,2014-15,15.3,69,FL
Darren Collison,2016-17,15.3,69,CA
John Henson,2016-17,15.3,69,CA
Kelly Olynyk,2016-17,15.3,69,WA
Tristan Thompson,2016-17,15.3,69,TX
Trevor Booker,2014-15,15.3,69,SC
Thomas Robinson,2014-15,15.3,69,KS
Trevor Booker,2010-11,15.3,69,SC
Jordan Mickey,2015-16,15.3,69,LA
Willie Cauley-Stein,2015-16,15.3,69,KY
Jahlil Okafor,2017-18,15.3,69,NC
Rajon Rondo,2017-18,15.3,69,KY
Mike Harris,2013-14,15.3,69,TX
Chris Andersen,2015-16,15.3,69,TX
Mike Scott,2013-14,15.3,69,VA
Rajon Rondo,2013-14,15.3,69,KY
Marreese Speights,2010-11,15.3,69,FL
Tyler Hansbrough,2012-13,15.3,69,CA
Chris Kaman,2011-12,15.3,69,MI
Jon Leuer,2011-12,15.3,69,WI
Delonte West,2011-12,15.3,69,PA
Chandler Parsons,2012-13,15.3,69,FL
Josh Akognon,2012-13,15.3,69,CA
Antawn Jamison,2012-13,15.3,69,CA
Chris Wilcox,2012-13,15.3,69,MD
Jeff Withey,2013-14,15.2,68,KS
Eric Gordon,2017-18,15.2,68,IN
Ekpe Udoh,2017-18,15.2,68,TX
Will Bynum,2010-11,15.2,68,GA
Luol Deng,2013-14,15.2,68,NC
Marreese Speights,2013-14,15.2,68,FL
Kelly Olynyk,2013-14,15.2,68,WA
Joakim Noah,2016-17,15.2,68,FL
Patty Mills,2016-17,15.2,68,LA
Toney Douglas,2010-11,15.2,68,FL
Patrick Patterson,2012-13,15.2,68,KY
Elton Brand,2012-13,15.2,68,NC
Larry Sanders,2014-15,15.2,68,VA
Brandon Rush,2011-12,15.2,68,KS
Jimmy Butler,2012-13,15.2,68,WI
Raymond Felton,2012-13,15.2,68,CA
Chris McCullough,2016-17,15.2,68,NY
Tim Hardaway,2016-17,15.2,68,TX
Andre Iguodala,2012-13,15.2,68,AZ
Shabazz Muhammad,2015-16,15.2,68,CA
Paul Pierce,2014-15,15.2,68,KS
Robin Lopez,2011-12,15.2,68,CA
Kosta Koufos,2015-16,15.1,68,OH
Luol Deng,2012-13,15.1,68,NC
Dejounte Murray,2017-18,15.1,68,WA
Andrew Nicholson,2012-13,15.1,68,NY
Christian Wood,2016-17,15.1,68,NV
Troy Williams,2017-18,15.1,68,SC
Terry Rozier,2017-18,15.1,68,KY
Mike Scott,2014-15,15.1,68,VA
Michael Kidd-Gilchrist,2014-15,15.1,68,KY
Emeka Okafor,2011-12,15.1,68,CT
Tayshaun Prince,2010-11,15.1,68,KY
Etan Thomas,2010-11,15.1,68,NY
Tarik Black,2016-17,15.0,67,KS
Taj Gibson,2016-17,15.0,67,CA
Alex Len,2016-17,15.0,67,MD
Khris Middleton,2016-17,15.0,67,TX
Delon Wright,2016-17,15.0,67,UT
Brandon Bass,2013-14,15.0,67,LA
Leon Powe,2010-11,15.0,67,CA
Dwyane Wade,2017-18,15.0,67,WI
Mo Williams,2011-12,15.0,67,IN
Shawn Marion,2011-12,15.0,67,NV
Sundiata Gaines,2011-12,15.0,67,GA
Jeff Green,2012-13,15.0,67,MD
Glen Davis,2012-13,15.0,67,LA
Chauncey Billups,2012-13,15.0,67,CO
Nerlens Noel,2014-15,15.0,67,KY
Jason Richardson,2010-11,15.0,67,MI
Marcus Thornton,2014-15,15.0,67,LA
Trevor Booker,2013-14,15.0,67,SC
Robert Covington,2013-14,15.0,67,TN
Jordan Farmar,2013-14,15.0,67,CA
Luke Ridnour,2010-11,15.0,67,OR
Luol Deng,2015-16,15.0,67,NC
Thaddeus Young,2016-17,14.9,66,GA
Channing Frye,2011-12,14.9,66,AZ
Troy Daniels,2015-16,14.9,66,VA
Ish Smith,2015-16,14.9,66,NC
Tony Wroten,2014-15,14.9,66,WA
Josh Smith,2014-15,14.9,66,CO
Jannero Pargo,2014-15,14.9,66,AR
Carl Landry,2014-15,14.9,66,IN
Jeremy Lamb,2014-15,14.9,66,CT
Johnny O'Bryant,2016-17,14.9,66,LA
JaMychal Green,2014-15,14.9,66,AL
Lavoy Allen,2014-15,14.9,66,PA
Bobby Portis,2016-17,14.9,66,AR
Jae Crowder,2016-17,14.9,66,WI
Dante Cunningham,2011-12,14.9,66,PA
Reggie Jackson,2016-17,14.9,66,MA
Tristan Thompson,2013-14,14.9,66,TX
Trevor Booker,2017-18,14.9,66,SC
Jared Dudley,2012-13,14.9,66,MA
Jeremy Lin,2012-13,14.9,66,MA
Andrew Bogut,2011-12,14.9,66,UT
Chase Budinger,2011-12,14.9,66,AZ
Derrick Byars,2011-12,14.9,66,TN
Malcolm Brogdon,2016-17,14.9,66,VA
Wilson Chandler,2016-17,14.9,66,IL
Klay Thompson,2011-12,14.9,66,WA
Eric Gordon,2013-14,14.9,66,IN
Shabazz Muhammad,2016-17,14.9,66,CA
Kemba Walker,2011-12,14.9,66,KY
Reggie Williams,2010-11,14.9,66,DC
Carl Landry,2010-11,14.8,65,IN
Jeremy Lin,2010-11,14.8,65,MA
Marcus Morris,2013-14,14.8,65,IL
Kevon Looney,2017-18,14.8,65,CA
Jeff Green,2017-18,14.8,65,MD
Devin Harris,2014-15,14.8,65,WI
Kyle Korver,2014-15,14.8,65,NE
Meyers Leonard,2014-15,14.8,65,IL
Anthony Morrow,2014-15,14.8,65,GA
Kyle O'Quinn,2014-15,14.8,65,VA
DeAndre Jordan,2010-11,14.8,65,TX
Jahlil Okafor,2016-17,14.8,65,NC
Jared Cunningham,2012-13,14.8,65,OR
Ray Allen,2011-12,14.8,65,FL
Andre Miller,2011-12,14.8,65,MI
Alex Stepheson,2015-16,14.8,65,CA
Thaddeus Young,2017-18,14.8,65,GA
Andrew Nicholson,2015-16,14.8,65,NY
Vince Carter,2010-11,14.8,65,CA
Marcus Camby,2010-11,14.8,65,MA
Jabari Parker,2015-16,14.8,65,NC
Grant Hill,2010-11,14.7,65,NC
Jodie Meeks,2013-14,14.7,65,KY
Lance Stephenson,2013-14,14.7,65,OH
Joel Anthony,2014-15,14.7,65,NV
Ben Uzoh,2010-11,14.7,65,OK
Robert Covington,2014-15,14.7,65,TN
Marcus Thornton,2015-16,14.7,65,LA
Brandon Knight,2015-16,14.7,65,CA
Toney Douglas,2015-16,14.7,65,FL
Quincy Acy,2015-16,14.7,65,TX
Ish Smith,2016-17,14.7,65,NC
Dahntay Jones,2016-17,14.7,65,TX
Anthony Bennett,2016-17,14.7,65,NV
Tarik Black,2014-15,14.7,65,KS
Cory Joseph,2013-14,14.7,65,TX
DeMar DeRozan,2012-13,14.7,65,CA
Robin Lopez,2017-18,14.7,65,CA
Bernard James,2012-13,14.7,65,FL
Jrue Holiday,2011-12,14.7,65,CA
Tyler Hansbrough,2011-12,14.7,65,CA
Derrick Brown,2011-12,14.7,65,FL
Arron Afflalo,2011-12,14.7,65,CA
Corey Brewer,2012-13,14.7,65,FL
Ray Allen,2012-13,14.7,65,FL
Gorgui Dieng,2017-18,14.7,65,KY
JaMychal Green,2015-16,14.6,64,AL
Montrezl Harrell,2015-16,14.6,64,KY
Patty Mills,2015-16,14.6,64,LA
Deron Williams,2015-16,14.6,64,IL
Jason Smith,2015-16,14.6,64,LA
Brian Roberts,2012-13,14.6,64,OH
Matt Barnes,2010-11,14.6,64,RI
Wilson Chandler,2010-11,14.6,64,IL
DeMarcus Cousins,2010-11,14.6,64,KY
Mike Dunleavy,2010-11,14.6,64,SC
George Hill,2010-11,14.6,64,IN
Jason Thompson,2012-13,14.6,64,SC
Devin Harris,2012-13,14.6,64,WI
Devin Booker,2016-17,14.6,64,KY
Jimmer Fredette,2012-13,14.6,64,UT
DeJuan Blair,2012-13,14.6,64,PA
Jeff Teague,2010-11,14.6,64,NC
Zach LaVine,2017-18,14.6,64,CA
Devin Harris,2013-14,14.6,64,WI
Patrick Patterson,2013-14,14.6,64,KY
Miles Plumlee,2013-14,14.6,64,NC
Eric Dawson,2011-12,14.6,64,TX
Travis Leslie,2011-12,14.6,64,GA
Jameer Nelson,2011-12,14.6,64,PA
Stephen Jackson,2010-11,14.6,64,AL
Zach LaVine,2016-17,14.6,64,CA
Justin Hamilton,2014-15,14.6,64,LA
Jarrett Jack,2014-15,14.6,64,GA
Tony Allen,2014-15,14.6,64,OK
Patrick Patterson,2014-15,14.6,64,KY
Marcus Morris,2017-18,14.5,63,IL
Pascal Siakam,2017-18,14.5,63,NM
Otto Porter,2015-16,14.5,63,DC
Jarrett Jack,2015-16,14.5,63,GA
Derrick Williams,2012-13,14.5,63,IL
Jordan Williams,2011-12,14.5,63,NM
James Johnson,2011-12,14.5,63,NC
Jordan Crawford,2011-12,14.5,63,KY
Kris Dunn,2017-18,14.5,63,RI
Thomas Robinson,2015-16,14.5,63,KS
Aaron Gordon,2016-17,14.5,63,AZ
Dion Waiters,2016-17,14.5,63,NY
Bryce Cotton,2014-15,14.5,63,RI
Jabari Parker,2014-15,14.5,63,NC
Henry Sims,2014-15,14.5,63,DC
DeMar DeRozan,2010-11,14.5,63,CA
Nick Young,2010-11,14.5,63,CA
Kent Bazemore,2017-18,14.5,63,VA
Will Bynum,2013-14,14.4,62,GA
Carlos Boozer,2013-14,14.4,62,NC
Mike Muscala,2017-18,14.4,62,PA
Steve Novak,2015-16,14.4,62,WI
Frank Kaminsky,2017-18,14.4,62,WI
Tim Hardaway,2017-18,14.4,62,TX
Tyreke Evans,2010-11,14.4,62,TN
Jason Kidd,2010-11,14.4,62,CA
Trevor Booker,2015-16,14.4,62,SC
Avery Bradley,2016-17,14.4,62,TX
Adreian Payne,2016-17,14.4,62,MI
Mo Williams,2012-13,14.4,62,IN
Jameer Nelson,2012-13,14.4,62,PA
Taj Gibson,2012-13,14.4,62,CA
Mike Muscala,2016-17,14.4,62,PA
Robin Lopez,2016-17,14.4,62,CA
Jordan Farmar,2016-17,14.4,62,CA
JaVale McGee,2014-15,14.4,62,NV
Jeff Green,2014-15,14.4,62,MD
Aaron Brooks,2014-15,14.4,62,OR
Al-Farouq Aminu,2014-15,14.4,62,NC
Tarik Black,2017-18,14.3,61,KS
Jeff Foster,2010-11,14.3,61,TX
Zach LaVine,2015-16,14.3,61,CA
Jordan Clarkson,2015-16,14.3,61,MI
Alec Burks,2015-16,14.3,61,CO
Malcolm Brogdon,2017-18,14.3,61,VA
DeMarre Carroll,2017-18,14.3,61,MI
Jerian Grant,2017-18,14.3,61,NY
Andre Iguodala,2016-17,14.3,61,AZ
Taj Gibson,2010-11,14.3,61,CA
Caris LeVert,2017-18,14.3,61,MI
Klay Thompson,2013-14,14.3,61,WA
Michael Kidd-Gilchrist,2016-17,14.3,61,KY
Renaldo Balkman,2011-12,14.3,61,SC
Rodney Hood,2017-18,14.3,61,NC
Skal Labissiere,2017-18,14.3,61,KY
Bradley Beal,2013-14,14.3,61,FL
Jordan Crawford,2013-14,14.3,61,KY
Nikola Vucevic,2011-12,14.3,61,CA
Ivan Johnson,2011-12,14.3,61,OR
Jeremy Lin,2013-14,14.3,61,MA
Chase Budinger,2010-11,14.2,61,AZ
Ed Davis,2011-12,14.2,61,CA
Trevor Ariza,2011-12,14.2,61,CA
Solomon Alabi,2011-12,14.2,61,FL
Nick Young,2014-15,14.2,61,CA
Jeff Adrien,2014-15,14.2,61,CT
Kosta Koufos,2014-15,14.2,61,OH
Greivis Vasquez,2011-12,14.2,61,MD
Jon Leuer,2016-17,14.2,61,WI
Gorgui Dieng,2016-17,14.2,61,KY
Reggie Jackson,2012-13,14.2,61,MA
Gary Neal,2011-12,14.2,61,MD
Shabazz Napier,2017-18,14.2,61,CT
Tobias Harris,2011-12,14.2,61,LA
Jarrett Jack,2010-11,14.2,61,GA
Caron Butler,2010-11,14.2,61,CT
Lou Williams,2013-14,14.2,61,FL
Jamal Crawford,2010-11,14.2,61,MI
Tyler Hansbrough,2013-14,14.2,61,CA
Rondae Hollis-Jefferson,2015-16,14.2,61,AZ
Jordan McRae,2015-16,14.2,61,TN
Jason Thompson,2015-16,14.2,61,SC
Joey Dorsey,2010-11,14.2,61,TN
Patty Mills,2012-13,14.1,60,LA
Wesley Matthews,2012-13,14.1,60,WI
Joe Johnson,2012-13,14.1,60,IA
Danny Green,2012-13,14.1,60,CA
Wesley Matthews,2011-12,14.1,60,WI
Nick Young,2016-17,14.1,60,CA
Brandon Bass,2011-12,14.1,60,LA
Cody Zeller,2014-15,14.1,60,IN
Jodie Meeks,2014-15,14.1,60,KY
Luol Deng,2011-12,14.1,60,NC
Michael Carter-Williams,2014-15,14.1,60,NY
Marreese Speights,2011-12,14.1,60,FL
Ish Smith,2011-12,14.1,60,NC
Thomas Robinson,2013-14,14.1,60,KS
Josh Smith,2013-14,14.1,60,CO
Greivis Vasquez,2013-14,14.1,60,MD
Corey Maggette,2011-12,14.1,60,NC
Joe Johnson,2014-15,14.1,60,IA
Steven Adams,2014-15,14.1,60,PA
Kenyon Martin,2010-11,14.1,60,OH
Samuel Dalembert,2010-11,14.1,60,NJ
Joel Anthony,2015-16,14.1,60,NV
Matt Bonner,2015-16,14.1,60,FL
Rodney Hood,2015-16,14.1,60,NC
Joakim Noah,2015-16,14.1,60,FL
Jerryd Bayless,2010-11,14.1,60,AZ
Jordan Farmar,2010-11,14.1,60,CA
Tyus Jones,2017-18,14.1,60,NC
Rodney Stuckey,2013-14,14.0,59,WA
Mike Scott,2015-16,14.0,59,VA
Michael Kidd-Gilchrist,2012-13,14.0,59,KY
Trevor Ariza,2012-13,14.0,59,CA
Cameron Payne,2017-18,14.0,59,KY
Bradley Beal,2014-15,14.0,59,FL
Gerald Henderson,2011-12,14.0,59,VA
Alec Burks,2011-12,14.0,59,CO
Norman Powell,2016-17,14.0,59,CA
Deron Williams,2016-17,14.0,59,IL
Marvin Williams,2013-14,14.0,59,AL
Larry Sanders,2013-14,14.0,59,VA
Trey Burke,2015-16,14.0,59,MI
Dion Waiters,2013-14,14.0,59,NY
Charlie Villanueva,2012-13,14.0,59,CT
Jamal Crawford,2015-16,14.0,59,MI
Jarell Martin,2015-16,14.0,59,LA
Elton Brand,2013-14,14.0,59,NC
Mario Chalmers,2013-14,14.0,59,KS
JaMychal Green,2017-18,14.0,59,AL
Daniel Orton,2012-13,14.0,59,KY
Julius Randle,2015-16,13.9,58,KY
Danny Green,2013-14,13.9,58,CA
Robin Lopez,2010-11,13.9,58,CA
Elfrid Payton,2015-16,13.9,58,LA
Tim Frazier,2015-16,13.9,58,PA
Michael Carter-Williams,2015-16,13.9,58,NY
Ronny Turiaf,2013-14,13.9,58,WA
Jameer Nelson,2013-14,13.9,58,PA
Anthony Morrow,2013-14,13.9,58,GA
Andre Miller,2013-14,13.9,58,MI
Michael Redd,2011-12,13.9,58,OH
Donald Sloan,2015-16,13.9,58,TX
Lester Hudson,2011-12,13.9,58,TN
Jordan Hamilton,2011-12,13.9,58,TX
Willie Green,2011-12,13.9,58,MI
DeMarre Carroll,2013-14,13.9,58,MI
Corey Brewer,2014-15,13.9,58,FL
Jae Crowder,2014-15,13.9,58,WI
Andrew Wiggins,2014-15,13.9,58,KS
Mo Williams,2010-11,13.9,58,IN
Henry Sims,2015-16,13.9,58,DC
Brandon Roy,2010-11,13.9,58,WA
Jarrod Uthoff,2016-17,13.9,58,IA
Justin Anderson,2016-17,13.9,58,VA
Marvin Williams,2017-18,13.9,58,AL
Anthony Tolliver,2017-18,13.9,58,NE
Martell Webster,2012-13,13.9,58,MD
Kenyon Martin,2012-13,13.9,58,OH
JaKarr Sampson,2017-18,13.9,58,CA
Eric Moreland,2017-18,13.9,58,OR
Mike James,2017-18,13.9,58,PA
Kyle Korver,2012-13,13.9,58,NE
Trevor Booker,2012-13,13.9,58,SC
James Anderson,2012-13,13.9,58,OK
Seth Curry,2015-16,13.8,57,NC
Ronnie Brewer,2010-11,13.8,57,AR
Derrick Favors,2010-11,13.8,57,GA
Jordan Crawford,2012-13,13.8,57,KY
Kosta Koufos,2016-17,13.8,57,OH
Devin Harris,2016-17,13.8,57,WI
Tyus Jones,2016-17,13.8,57,NC
Tyler Johnson,2015-16,13.8,57,CA
Brian Roberts,2015-16,13.8,57,OH
Seth Curry,2013-14,13.8,57,NC
Courtney Lee,2013-14,13.8,57,KY
Josh McRoberts,2013-14,13.8,57,NC
Bobby Portis,2015-16,13.8,57,AR
Jeremy Lin,2015-16,13.8,57,MA
Malcolm Thomas,2012-13,13.8,57,CA
Dwight Powell,2014-15,13.8,57,CA
Brandon Ingram,2017-18,13.8,57,NC
Andrew Bogut,2012-13,13.8,57,UT
Elfrid Payton,2014-15,13.8,57,LA
Marreese Speights,2017-18,13.7,56,FL
Rondae Hollis-Jefferson,2016-17,13.7,56,AZ
Andre Iguodala,2013-14,13.7,56,AZ
Shawn Marion,2013-14,13.7,56,NV
Greg Smith,2013-14,13.7,56,KY
Marvin Williams,2016-17,13.7,56,AL
Mike James,2011-12,13.7,56,PA
Dahntay Jones,2010-11,13.7,56,TX
Mike Scott,2017-18,13.7,56,VA
Markieff Morris,2016-17,13.7,56,IL
Ike Diogu,2010-11,13.7,56,AZ
Marcus Morris,2014-15,13.7,56,IL
Josh Harrellson,2011-12,13.7,56,KY
Corey Brewer,2011-12,13.7,56,FL
Al-Farouq Aminu,2012-13,13.7,56,NC
Dion Waiters,2012-13,13.7,56,NY
Malik Beasley,2016-17,13.7,56,FL
Victor Oladipo,2013-14,13.6,56,IN
Ronny Turiaf,2010-11,13.6,56,WA
Luke Ridnour,2011-12,13.6,56,OR
Kris Humphries,2012-13,13.6,56,MN
Jaylen Brown,2017-18,13.6,56,MI
Mike Muscala,2015-16,13.6,56,PA
Evan Turner,2015-16,13.6,56,OH
Reggie Bullock,2017-18,13.6,56,CA
Shelvin Mack,2015-16,13.6,56,IN
Tristan Thompson,2017-18,13.6,56,TX
Josh Richardson,2017-18,13.6,56,TN
Rajon Rondo,2016-17,13.6,56,KY
Chandler Parsons,2017-18,13.6,56,FL
Jason Smith,2016-17,13.6,56,LA
Kyle Korver,2011-12,13.6,56,NE
Chasson Randle,2016-17,13.6,56,CA
Victor Oladipo,2016-17,13.6,56,IN
Will Barton,2014-15,13.6,56,TN
Bradley Beal,2012-13,13.6,56,FL
Nick Collison,2012-13,13.6,56,KS
Greg Stiemsma,2011-12,13.6,56,WI
Craig Smith,2011-12,13.6,56,MA
Arron Afflalo,2010-11,13.6,56,CA
Shannon Brown,2010-11,13.6,56,MI
Jason Thompson,2010-11,13.6,56,SC
Shannon Brown,2011-12,13.6,56,MI
Vince Carter,2011-12,13.6,56,CA
Kevon Looney,2016-17,13.6,56,CA
Darren Collison,2011-12,13.6,56,CA
Jannero Pargo,2011-12,13.6,56,AR
Justin Hamilton,2016-17,13.6,56,LA
Kris Humphries,2016-17,13.6,56,MN
Mike Dunleavy,2012-13,13.6,56,SC
Shabazz Napier,2016-17,13.6,56,CT
Jodie Meeks,2015-16,13.5,55,KY
Gary Neal,2015-16,13.5,55,MD
Eric Gordon,2015-16,13.5,55,IN
Lance Stephenson,2015-16,13.5,55,OH
Roy Hibbert,2016-17,13.5,55,DC
JaMychal Green,2016-17,13.5,55,AL
Ryan Anderson,2016-17,13.5,55,CA
Alex Len,2014-15,13.5,55,MD
Terrence Jones,2015-16,13.5,55,KY
Brian Scalabrine,2011-12,13.5,55,CA
Isaiah Canaan,2017-18,13.5,55,KY
Will Barton,2013-14,13.5,55,TN
Cory Joseph,2012-13,13.5,55,TX
Jason Kidd,2012-13,13.5,55,CA
Mike Miller,2012-13,13.5,55,FL
Jared Sullinger,2012-13,13.5,55,OH
Ben Gordon,2011-12,13.5,55,CT
Randy Foye,2011-12,13.5,55,PA
MarShon Brooks,2012-13,13.5,55,RI
Jerryd Bayless,2012-13,13.5,55,AZ
Marvin Williams,2010-11,13.5,55,AL
Francisco Garcia,2010-11,13.5,55,KY
Landry Fields,2010-11,13.5,55,CA
Matt Bonner,2010-11,13.5,55,FL
Garret Siler,2010-11,13.5,55,GA
Jimmy Butler,2013-14,13.5,55,WI
Roy Hibbert,2013-14,13.5,55,DC
Kyle Korver,2013-14,13.5,55,NE
Rajon Rondo,2014-15,13.5,55,KY
Larry Nance,2015-16,13.4,54,SC
Terrence Ross,2016-17,13.4,54,WA
Brian Roberts,2013-14,13.4,54,OH
Jeremy Lamb,2013-14,13.4,54,CT
George Hill,2013-14,13.4,54,IN
Josh Harrellson,2013-14,13.4,54,KY
Raymond Felton,2011-12,13.4,54,CA
Kyle Korver,2017-18,13.4,54,NE
Jeff Adrien,2012-13,13.4,54,CT
Derrick Rose,2015-16,13.4,54,TN
Kent Bazemore,2015-16,13.4,54,VA
Miles Plumlee,2014-15,13.4,54,NC
Harrison Barnes,2014-15,13.4,54,MA
Rasual Butler,2015-16,13.4,54,LA
Andre Miller,2015-16,13.4,54,MI
Toney Douglas,2012-13,13.4,54,FL
Gary Forbes,2011-12,13.3,53,MA
Andre Emmett,2011-12,13.3,53,TX
Chandler Parsons,2011-12,13.3,53,FL
Jason Richardson,2011-12,13.3,53,MI
Larry Sanders,2011-12,13.3,53,VA
Tristan Thompson,2011-12,13.3,53,TX
Andre Miller,2014-15,13.3,53,MI
Tony Allen,2016-17,13.3,53,OK
Dewayne Dedmon,2014-15,13.3,53,CA
Anthony Tolliver,2010-11,13.3,53,NE
Othyus Jeffers,2010-11,13.3,53,IL
Carrick Felix,2013-14,13.3,53,AZ
Randy Foye,2013-14,13.3,53,PA
Jarvis Varnado,2013-14,13.3,53,MS
Mario Chalmers,2012-13,13.3,53,KS
Dante Cunningham,2012-13,13.3,53,PA
Kurt Thomas,2012-13,13.3,53,TX
Nick Young,2012-13,13.3,53,CA
Tyler Hansbrough,2014-15,13.3,53,CA
Joe Harris,2017-18,13.3,53,VA
Maurice Harkless,2015-16,13.3,53,NY
Norman Powell,2015-16,13.3,53,CA
Shelvin Mack,2017-18,13.3,53,IN
George Hill,2017-18,13.3,53,IN
Shane Larkin,2015-16,13.3,53,FL
Daniel Gibson,2010-11,13.2,52,TX
Richard Hamilton,2011-12,13.2,52,CT
Alonzo Gee,2011-12,13.2,52,AL
Glen Davis,2011-12,13.2,52,LA
Matt Bonner,2011-12,13.2,52,FL
Avery Bradley,2015-16,13.2,52,TX
Kentavious Caldwell-Pope,2017-18,13.2,52,GA
Nick Collison,2017-18,13.2,52,KS
George Hill,2015-16,13.2,52,IN
Tony Allen,2012-13,13.2,52,OK
Reggie Williams,2012-13,13.2,52,DC
Gerald Henderson,2010-11,13.2,52,VA
Markieff Morris,2017-18,13.2,52,IL
Danny Green,2010-11,13.2,52,CA
Robert Covington,2015-16,13.2,52,TN
Jordan Clarkson,2016-17,13.2,52,MI
Noah Vonleh,2014-15,13.2,52,IN
Robert Covington,2016-17,13.2,52,TN
Eric Gordon,2016-17,13.2,52,IN
Jerian Grant,2016-17,13.2,52,NY
Cory Joseph,2016-17,13.2,52,TX
Alex Poythress,2016-17,13.2,52,KY
Wilson Chandler,2014-15,13.2,52,IL
Jordan Farmar,2015-16,13.2,52,CA
Gerald Henderson,2014-15,13.2,52,VA
Cory Jefferson,2014-15,13.2,52,TX
Al-Farouq Aminu,2013-14,13.2,52,NC
Channing Frye,2013-14,13.2,52,AZ
Shelvin Mack,2014-15,13.2,52,IN
Shelvin Mack,2013-14,13.2,52,IN
Dwight Buycks,2014-15,13.1,51,WI
Anthony Morrow,2011-12,13.1,51,GA
Aron Baynes,2016-17,13.1,51,WA
Ian Clark,2016-17,13.1,51,TN
Sam Dekker,2016-17,13.1,51,WI
Hakim Warrick,2011-12,13.1,51,NY
Ryan Hollins,2014-15,13.1,51,CA
Terrence Williams,2011-12,13.1,51,KY
Yogi Ferrell,2016-17,13.1,51,IN
Maurice Harkless,2016-17,13.1,51,NY
Alec Burks,2017-18,13.1,51,CO
Channing Frye,2017-18,13.1,51,AZ
Jodie Meeks,2016-17,13.1,51,KY
Donald Sloan,2014-15,13.1,51,TX
Sean Kilpatrick,2016-17,13.1,51,OH
Cody Zeller,2013-14,13.1,51,IN
Jason Kidd,2011-12,13.1,51,CA
Shannon Brown,2012-13,13.1,51,MI
Gary Neal,2010-11,13.1,51,MD
Glen Davis,2013-14,13.1,51,LA
Devin Harris,2015-16,13.1,51,WI
Kris Humphries,2015-16,13.1,51,MN
Jeff Green,2013-14,13.1,51,MD
Gerald Henderson,2013-14,13.1,51,VA
Shabazz Muhammad,2013-14,13.1,51,CA
Dexter Pittman,2013-14,13.1,51,TX
Aaron Brooks,2010-11,13.1,51,OR
Alec Burks,2014-15,13.0,50,CO
Alonzo Gee,2014-15,13.0,50,AL
Paul George,2014-15,13.0,50,CA
Patty Mills,2014-15,13.0,50,LA
Tyler Zeller,2016-17,13.0,50,CA
Tyler Ulis,2016-17,13.0,50,KY
Frank Kaminsky,2016-17,13.0,50,WI
Josh Childress,2010-11,13.0,50,CA
Pierre Jackson,2016-17,13.0,50,TX
Arron Afflalo,2012-13,13.0,50,CA
Casper Ware,2013-14,13.0,50,CA
Devin Harris,2017-18,13.0,50,WI
Julyan Stone,2011-12,13.0,50,TX
Byron Mullens,2011-12,13.0,50,OH
Mario Chalmers,2011-12,13.0,50,KS
Michael Beasley,2011-12,13.0,50,KS
Courtney Lee,2017-18,13.0,50,KY
Tyler Johnson,2017-18,13.0,50,CA
Raymond Felton,2017-18,13.0,50,CA
John Jenkins,2012-13,13.0,50,TN
Jamal Crawford,2017-18,13.0,50,MI
Justin Anderson,2017-18,13.0,50,VA
Jeff Green,2015-16,13.0,50,MD
Patrick Beverley,2015-16,13.0,50,AR
Austin Daye,2010-11,13.0,50,WA
Luke Ridnour,2012-13,13.0,50,OR
Patrick Beverley,2016-17,13.0,50,AR
Rodney Stuckey,2012-13,13.0,50,WA
Andrew Wiggins,2017-18,13.0,50,KS
Paul George,2010-11,13.0,50,CA
Jordan Hill,2010-11,13.0,50,AZ
Kyle Korver,2010-11,13.0,50,NE
Patty Mills,2010-11,13.0,50,LA
Brendan Haywood,2011-12,12.9,50,CA
MarShon Brooks,2011-12,12.9,50,RI
Armon Johnson,2011-12,12.9,50,MN
Derrick Williams,2011-12,12.9,50,IL
Nick Young,2011-12,12.9,50,CA
Jeff Green,2010-11,12.9,50,MD
Derrick Brown,2010-11,12.9,50,FL
Nick Collison,2016-17,12.9,50,KS
Robert Covington,2017-18,12.9,50,TN
Channing Frye,2015-16,12.9,50,AZ
Gerald Henderson,2015-16,12.9,50,VA
Trevor Ariza,2015-16,12.9,50,CA
Kyle Anderson,2015-16,12.9,50,CA
Raymond Felton,2013-14,12.9,50,CA
Tony Wroten,2013-14,12.9,50,WA
Cameron Payne,2015-16,12.9,50,KY
Terrence Ross,2015-16,12.9,50,WA
Tony Allen,2015-16,12.9,50,OK
Austin Daye,2012-13,12.9,50,WA
Noah Vonleh,2017-18,12.8,49,IN
Derrick Williams,2014-15,12.8,49,IL
Dwight Buycks,2017-18,12.8,49,WI
Reggie Evans,2012-13,12.8,49,IA
Jordan Adams,2014-15,12.8,49,CA
Evan Turner,2014-15,12.8,49,OH
Quinn Cook,2017-18,12.8,49,NC
Daequan Cook,2010-11,12.8,49,OR
Darrell Arthur,2016-17,12.8,49,KS
John Salmons,2010-11,12.8,49,FL
Antonio McDyess,2010-11,12.8,49,AL
Byron Mullens,2013-14,12.8,49,OH
Ray Allen,2013-14,12.8,49,FL
Spencer Hawes,2010-11,12.8,49,WA
Glen Davis,2010-11,12.8,49,LA
Tayshaun Prince,2011-12,12.8,49,KY
Jason Terry,2012-13,12.8,49,AZ
Kentavious Caldwell-Pope,2016-17,12.8,49,GA
Joe Johnson,2016-17,12.8,49,IA
Channing Frye,2010-11,12.8,49,AZ
Cartier Martin,2011-12,12.8,49,KS
DeMar DeRozan,2011-12,12.8,49,CA
Jonathon Simmons,2017-18,12.7,48,NY
Jordan Hamilton,2013-14,12.7,48,TX
Carmelo Anthony,2017-18,12.7,48,NY
Klay Thompson,2012-13,12.7,48,WA
Justin Holiday,2016-17,12.7,48,WA
Josh McRoberts,2012-13,12.7,48,NC
Ben Gordon,2012-13,12.7,48,CT
Andrew Harrison,2017-18,12.7,48,KY
Tim Hardaway,2013-14,12.7,48,TX
Al-Farouq Aminu,2015-16,12.7,48,NC
Vince Carter,2015-16,12.7,48,CA
Draymond Green,2013-14,12.7,48,MI
Corey Brewer,2013-14,12.7,48,FL
Avery Bradley,2013-14,12.7,48,TX
Charlie Villanueva,2013-14,12.7,48,CT
Nate Wolters,2013-14,12.7,48,SD
Daniel Orton,2011-12,12.7,48,KY
Lavoy Allen,2011-12,12.7,48,PA
Cole Aldrich,2016-17,12.7,48,KS
Spencer Dinwiddie,2016-17,12.7,48,CO
Eric Gordon,2014-15,12.7,48,IN
Trevor Ariza,2014-15,12.7,48,CA
Jamaal Magloire,2010-11,12.7,48,KY
Marcus Morris,2015-16,12.7,48,IL
Cory Jefferson,2015-16,12.7,48,TX
Gary Harris,2015-16,12.7,48,MI
Udonis Haslem,2010-11,12.7,48,FL
Rodney Stuckey,2015-16,12.6,47,WA
Courtney Lee,2011-12,12.6,47,KY
Jerami Grant,2015-16,12.6,47,NY
Evan Turner,2011-12,12.6,47,OH
Jeremy Evans,2015-16,12.6,47,KY
Ryan Anderson,2017-18,12.6,47,CA
Greivis Vasquez,2014-15,12.6,47,MD
Chase Budinger,2012-13,12.6,47,AZ
Ryan Kelly,2013-14,12.6,47,NC
Mike Dunleavy,2013-14,12.6,47,SC
Dante Cunningham,2013-14,12.6,47,PA
Trey Burke,2013-14,12.6,47,MI
Kendall Marshall,2013-14,12.6,47,CA
Jodie Meeks,2010-11,12.6,47,KY
Kosta Koufos,2010-11,12.6,47,OH
James Johnson,2010-11,12.6,47,NC
Wayne Ellington,2016-17,12.6,47,CA
Alan Anderson,2012-13,12.6,47,MI
Courtney Lee,2010-11,12.6,47,KY
Cory Higgins,2012-13,12.6,47,CO
Jason Richardson,2012-13,12.6,47,MI
Trey Burke,2014-15,12.6,47,MI
Maurice Harkless,2017-18,12.6,47,NY
Isaiah Thomas,2017-18,12.6,47,IN
Austin Rivers,2017-18,12.6,47,NC
Markieff Morris,2012-13,12.6,47,IL
Sasha Kaun,2015-16,12.5,46,KS
Aaron Brooks,2013-14,12.5,46,OR
Michael Kidd-Gilchrist,2017-18,12.5,46,KY
Wayne Ellington,2017-18,12.5,46,CA
Lavoy Allen,2013-14,12.5,46,PA
Jimmy Butler,2011-12,12.5,46,WI
Ekpe Udoh,2011-12,12.5,46,TX
Darrell Arthur,2015-16,12.5,46,KS
Frank Kaminsky,2015-16,12.5,46,WI
Tyler Hansbrough,2015-16,12.5,46,CA
Gary Neal,2013-14,12.5,46,MD
Ray McCallum,2014-15,12.5,46,MI
Sam Young,2010-11,12.5,46,PA
Mike Miller,2013-14,12.5,46,FL
Damien Wilkins,2012-13,12.5,46,ID
Maurice Harkless,2012-13,12.5,46,NY
Kyle Anderson,2016-17,12.5,46,CA
Khris Middleton,2013-14,12.5,46,TX
Lance Stephenson,2017-18,12.4,45,OH
Isaiah Canaan,2014-15,12.4,45,KY
Raymond Felton,2014-15,12.4,45,CA
Kendall Marshall,2014-15,12.4,45,CA
Reggie Williams,2011-12,12.4,45,DC
Linas Kleiza,2011-12,12.4,45,MI
Hasheem Thabeet,2011-12,12.4,45,CT
Charles Jenkins,2011-12,12.4,45,NY
Jerryd Bayless,2015-16,12.4,45,AZ
Mo Williams,2015-16,12.4,45,IN
Alex Len,2015-16,12.4,45,MD
Cory Joseph,2015-16,12.4,45,TX
Spencer Hawes,2015-16,12.4,45,WA
Jordan Hamilton,2015-16,12.4,45,TX
Erick Green,2015-16,12.4,45,VA
Andrew Goudelock,2015-16,12.4,45,SC
Kentavious Caldwell-Pope,2015-16,12.4,45,GA
Jodie Meeks,2017-18,12.4,45,KY
Lavoy Allen,2015-16,12.4,45,PA
Ben Gordon,2010-11,12.4,45,CT
Reggie Evans,2010-11,12.4,45,IA
Danuel House,2017-18,12.4,45,TX
Chris Wilcox,2011-12,12.4,45,MD
Richard Jefferson,2010-11,12.4,45,AZ
Tim Frazier,2016-17,12.4,45,PA
Wilson Chandler,2013-14,12.4,45,IL
Evan Turner,2013-14,12.4,45,OH
Ramon Sessions,2016-17,12.4,45,NV
Marcus Morris,2016-17,12.4,45,IL
Rodney Hood,2016-17,12.4,45,NC
Trevor Ariza,2016-17,12.4,45,CA
Jason Smith,2013-14,12.4,45,LA
Greg Oden,2013-14,12.4,45,OH
Brandon Knight,2016-17,12.4,45,CA
Patrick Beverley,2013-14,12.4,45,AR
Caron Butler,2012-13,12.4,45,CT
Earl Clark,2012-13,12.4,45,KY
Dominique Jones,2012-13,12.4,45,MS
Martell Webster,2010-11,12.4,45,MD
Terrence Williams,2012-13,12.3,44,KY
Shelden Williams,2010-11,12.3,44,CA
Rodney Hood,2014-15,12.3,44,NC
Langston Galloway,2014-15,12.3,44,PA
Jared Dudley,2014-15,12.3,44,MA
Nick Calathes,2014-15,12.3,44,FL
Xavier Henry,2013-14,12.3,44,KS
Chinanu Onuaku,2016-17,12.3,44,KY
Patrick Beverley,2017-18,12.3,44,AR
Caris LeVert,2016-17,12.3,44,MI
Marquese Chriss,2016-17,12.3,44,WA
Nick Calathes,2013-14,12.3,44,FL
Allen Crabbe,2017-18,12.3,44,CA
Darnell Jackson,2010-11,12.3,44,KS
Ben Wallace,2010-11,12.3,44,VA
Delonte West,2010-11,12.3,44,PA
Kirk Hinrich,2010-11,12.3,44,KS
Ish Smith,2014-15,12.3,44,NC
Byron Mullens,2012-13,12.3,44,OH
Brandon Bass,2012-13,12.3,44,LA
Ryan Hollins,2015-16,12.3,44,CA
Tarik Black,2015-16,12.3,44,KS
Justin Anderson,2015-16,12.3,44,VA
Harrison Barnes,2015-16,12.3,44,MA
Andre Iguodala,2014-15,12.3,44,AZ
Ronny Turiaf,2011-12,12.3,44,WA
Shane Battier,2010-11,12.3,44,NC
Greg Smith,2011-12,12.3,44,KY
Grant Hill,2011-12,12.3,44,NC
Ronnie Brewer,2011-12,12.3,44,AR
Chris McCullough,2015-16,12.2,43,NY
Kenyon Martin,2013-14,12.2,43,OH
Wayne Ellington,2013-14,12.2,43,CA
Rasual Butler,2013-14,12.2,43,LA
Caron Butler,2013-14,12.2,43,CT
Markieff Morris,2015-16,12.2,43,IL
David Nwaba,2017-18,12.2,43,CA
Langston Galloway,2017-18,12.2,43,PA
Solomon Hill,2015-16,12.2,43,AZ
Andre Iguodala,2015-16,12.2,43,AZ
Wayne Ellington,2012-13,12.2,43,CA
Allen Crabbe,2015-16,12.2,43,CA
Anthony Randolph,2013-14,12.2,43,LA
Danuel House,2016-17,12.2,43,TX
Courtney Lee,2016-17,12.2,43,KY
David Nwaba,2016-17,12.2,43,CA
Jakob Poeltl,2016-17,12.2,43,UT
Chase Budinger,2014-15,12.2,43,AZ
Steve Nash,2013-14,12.2,43,CA
Chris Douglas-Roberts,2013-14,12.2,43,TN
Matt Carroll,2010-11,12.2,43,IN
Jermaine Taylor,2010-11,12.2,43,TX
Shawne Williams,2010-11,12.2,43,CA
Luke Babbitt,2013-14,12.1,43,NV
Denzel Valentine,2017-18,12.1,43,MI
Jameer Nelson,2014-15,12.1,43,PA
Justin Holiday,2014-15,12.1,43,WA
Tim Hardaway,2014-15,12.1,43,TX
Markieff Morris,2011-12,12.1,43,IL
Roger Mason,2011-12,12.1,43,VA
Nick Collison,2011-12,12.1,43,KS
Robert Sacre,2013-14,12.1,43,WA
Julian Wright,2010-11,12.1,43,KS
Meyers Leonard,2012-13,12.1,43,IL
Evan Turner,2012-13,12.1,43,OH
Kyle Korver,2016-17,12.1,43,NE
Anthony Morrow,2010-11,12.1,43,GA
Aron Baynes,2017-18,12.1,43,WA
Matt Barnes,2013-14,12.0,42,RI
Marcus Thornton,2013-14,12.0,42,LA
Michael Kidd-Gilchrist,2013-14,12.0,42,KY
Jerryd Bayless,2013-14,12.0,42,AZ
Tyler Johnson,2014-15,12.0,42,CA
Tayshaun Prince,2014-15,12.0,42,KY
Rashard Lewis,2010-11,12.0,42,LA
Jason Smith,2014-15,12.0,42,LA
Joe Johnson,2015-16,12.0,42,IA
Brandon Knight,2012-13,12.0,42,CA
Anthony Morrow,2012-13,12.0,42,GA
Ekpe Udoh,2012-13,12.0,42,TX
Landry Fields,2011-12,12.0,42,CA
Trey Thompkins,2011-12,12.0,42,TX
Terrence Ross,2013-14,12.0,42,WA
Reggie Bullock,2015-16,12.0,42,CA
Al-Farouq Aminu,2017-18,12.0,42,NC
Rodney McGruder,2017-18,12.0,42,KS
Marcus Smart,2016-17,12.0,42,OK
Derrick Jones,2016-17,12.0,42,FL
Jamal Crawford,2016-17,12.0,42,MI
Jimmer Fredette,2015-16,12.0,42,UT
DeMarre Carroll,2015-16,11.9,41,MI
Raymond Felton,2015-16,11.9,41,CA
Jonathon Simmons,2015-16,11.9,41,NY
Charlie Villanueva,2015-16,11.9,41,CT
Shelden Williams,2011-12,11.9,41,CA
Kelly Oubre,2017-18,11.9,41,KS
Quincy Acy,2014-15,11.9,41,TX
Shelvin Mack,2011-12,11.9,41,IN
Drew Gooden,2014-15,11.9,41,KS
Jon Leuer,2014-15,11.9,41,WI
Johnny O'Bryant,2017-18,11.9,41,LA
Devin Booker,2015-16,11.9,41,KY
Jae Crowder,2013-14,11.9,41,WI
Eddie House,2010-11,11.9,41,AZ
Jamal Murray,2016-17,11.9,41,KY
Brandon Rush,2012-13,11.9,41,KS
Wesley Matthews,2016-17,11.9,41,WI
DeMarre Carroll,2016-17,11.9,41,MI
Ryan Hollins,2013-14,11.9,41,CA
Justin Hamilton,2013-14,11.9,41,LA
Willie Green,2012-13,11.8,40,MI
Aaron Brooks,2012-13,11.8,40,OR
Matt Bonner,2012-13,11.8,40,FL
Aaron Brooks,2015-16,11.8,40,OR
Lance Stephenson,2012-13,11.8,40,OH
Wayne Selden,2017-18,11.8,40,KS
Patty Mills,2017-18,11.8,40,LA
Trevor Ariza,2017-18,11.8,40,CA
Mo Williams,2013-14,11.8,40,IN
James Southerland,2013-14,11.8,40,NY
Kyle Singler,2013-14,11.8,40,NC
Richard Jefferson,2013-14,11.8,40,AZ
Darrell Arthur,2012-13,11.8,40,KS
Dominique Jones,2011-12,11.8,40,MS
Dominic McGuire,2011-12,11.8,40,CA
Marvin Williams,2014-15,11.8,40,AL
Nick Collison,2013-14,11.8,40,KS
Maurice Harkless,2013-14,11.8,40,NY
Jordan Crawford,2010-11,11.8,40,KY
Buddy Hield,2016-17,11.8,40,OK
Lou Amundson,2014-15,11.8,40,NV
Samuel Dalembert,2014-15,11.8,40,NJ
Phil Pressey,2014-15,11.8,40,MI
Quinn Cook,2016-17,11.8,40,NC
Pat Connaughton,2016-17,11.8,40,IN
Quincy Acy,2016-17,11.8,40,TX
Donte Greene,2011-12,11.8,40,NY
Trey Johnson,2011-12,11.8,40,MS
Iman Shumpert,2012-13,11.7,40,GA
Joel Bolomboy,2017-18,11.7,40,UT
Courtney Lee,2012-13,11.7,40,KY
Steve Blake,2012-13,11.7,40,MD
Randy Foye,2012-13,11.7,40,PA
Reggie Williams,2016-17,11.7,40,DC
Matt Barnes,2015-16,11.7,40,RI
Zabian Dowdell,2010-11,11.7,40,VA
Al Thornton,2010-11,11.7,40,FL
Samardo Samuels,2010-11,11.7,40,KY
Jared Dudley,2015-16,11.7,40,MA
Eric Maynor,2010-11,11.7,40,VA
Cartier Martin,2010-11,11.7,40,KS
Luther Head,2010-11,11.7,40,IL
Brendan Haywood,2010-11,11.7,40,CA
Tim Hardaway,2015-16,11.7,40,TX
Reggie Bullock,2016-17,11.7,40,CA
Vince Carter,2016-17,11.7,40,CA
Gary Forbes,2010-11,11.7,40,MA
Marquis Daniels,2010-11,11.7,40,AL
Caron Butler,2011-12,11.7,40,CT
Manny Harris,2011-12,11.7,40,MI
Brandon Knight,2011-12,11.7,40,CA
Mario Chalmers,2014-15,11.7,40,KS
Reggie Evans,2014-15,11.7,40,IA
Jason Richardson,2014-15,11.7,40,MI
Brian Roberts,2014-15,11.7,40,OH
Jason Maxiell,2011-12,11.7,40,OH
Reggie Evans,2013-14,11.7,40,IA
Ish Smith,2013-14,11.7,40,NC
Langston Galloway,2015-16,11.7,40,PA
Trey Lyles,2015-16,11.6,39,KY
Austin Rivers,2013-14,11.6,39,NC
Brian Cook,2010-11,11.6,39,IL
Sean Kilpatrick,2017-18,11.6,39,OH
Hasheem Thabeet,2012-13,11.6,39,CT
Gerald Wallace,2012-13,11.6,39,AL
Ekpe Udoh,2014-15,11.6,39,TX
Otto Porter,2014-15,11.6,39,DC
Wayne Ellington,2014-15,11.6,39,CA
Mike Dunleavy,2014-15,11.6,39,SC
Allen Crabbe,2016-17,11.6,39,CA
Alec Burks,2016-17,11.6,39,CO
Joel Anthony,2016-17,11.6,39,NV
Chris Andersen,2016-17,11.6,39,TX
Lavoy Allen,2016-17,11.6,39,PA
James Ennis,2017-18,11.6,39,CA
Cliff Alexander,2015-16,11.6,39,KS
Luke Babbitt,2015-16,11.6,39,NV
James Jones,2015-16,11.6,39,MA
Pascal Siakam,2016-17,11.5,38,NM
Glenn Robinson,2016-17,11.5,38,IN
Ed Davis,2016-17,11.5,38,CA
Jarrett Jack,2013-14,11.5,38,GA
Jameer Nelson,2016-17,11.5,38,PA
Darrell Arthur,2014-15,11.5,38,KS
Sam Dekker,2017-18,11.5,38,WI
Jarrett Jack,2017-18,11.5,38,GA
Jerry Stackhouse,2011-12,11.5,38,CA
Patrick Patterson,2011-12,11.5,38,KY
Jodie Meeks,2011-12,11.5,38,KY
Lou Amundson,2011-12,11.5,38,NV
Lou Amundson,2010-11,11.5,38,NV
Chris Douglas-Roberts,2010-11,11.5,38,TN
Kevin Martin,2015-16,11.5,38,OH
Courtney Lee,2015-16,11.5,38,KY
Ian Clark,2015-16,11.5,38,TN
Kent Bazemore,2016-17,11.5,38,VA
Derrick Williams,2013-14,11.5,38,IL
Avery Bradley,2014-15,11.5,38,TX
James Ennis,2014-15,11.5,38,CA
Courtney Lee,2014-15,11.5,38,KY
Martell Webster,2013-14,11.5,38,MD
Justise Winslow,2017-18,11.5,38,NC
Gary Neal,2012-13,11.5,38,MD
Alec Burks,2012-13,11.5,38,CO
Lavoy Allen,2012-13,11.5,38,PA
Hakim Warrick,2012-13,11.5,38,NY
Tayshaun Prince,2012-13,11.5,38,KY
Isaiah Whitehead,2017-18,11.5,38,NJ
Derrick Rose,2017-18,11.5,38,TN
Yogi Ferrell,2017-18,11.4,37,IN
Danny Green,2017-18,11.4,37,CA
Randy Foye,2010-11,11.4,37,PA
Damien Wilkins,2010-11,11.4,37,ID
Glenn Robinson,2015-16,11.4,37,IN
Josh Richardson,2015-16,11.4,37,TN
James Johnson,2015-16,11.4,37,NC
Joe Young,2016-17,11.4,37,OR
JaJuan Johnson,2011-12,11.4,37,NC
Mike Miller,2011-12,11.4,37,FL
Von Wafer,2011-12,11.4,37,FL
Wesley Matthews,2017-18,11.4,37,WI
Evan Turner,2016-17,11.4,37,OH
Kay Felder,2016-17,11.4,37,MI
Iman Shumpert,2014-15,11.4,37,GA
Orlando Johnson,2012-13,11.4,37,CA
Jodie Meeks,2012-13,11.4,37,KY
Khris Middleton,2012-13,11.4,37,TX
Julyan Stone,2012-13,11.4,37,TX
Austin Rivers,2016-17,11.4,37,NC
Jason Terry,2014-15,11.4,37,AZ
Elton Brand,2015-16,11.4,37,NC
Aaron Gordon,2014-15,11.4,37,AZ
Anthony Bennett,2014-15,11.4,37,NV
Rasual Butler,2014-15,11.4,37,LA
Jack Cooley,2014-15,11.4,37,IN
Steve Novak,2012-13,11.3,36,WI
Tim Frazier,2017-18,11.3,36,PA
Kent Bazemore,2012-13,11.3,36,VA
Ryan Hollins,2012-13,11.3,36,CA
Shelvin Mack,2012-13,11.3,36,IN
Jason Maxiell,2012-13,11.3,36,OH
Marcus Morris,2012-13,11.3,36,IL
Luke Walton,2012-13,11.3,36,AZ
Markel Brown,2015-16,11.3,36,KY
Jeff Adrien,2010-11,11.3,36,CT
Trevor Ariza,2010-11,11.3,36,CA
Keyon Dooling,2010-11,11.3,36,MI
Luke Babbitt,2011-12,11.3,36,NV
Kyle Weaver,2010-11,11.3,36,WA
Marcus Smart,2015-16,11.3,36,OK
Meyers Leonard,2015-16,11.3,36,IL
Matthew Dellavedova,2015-16,11.3,36,CA
Caron Butler,2015-16,11.3,36,CT
Sundiata Gaines,2010-11,11.3,36,GA
Avery Bradley,2011-12,11.3,36,TX
Patrick Beverley,2014-15,11.3,36,AR
Josh Davis,2011-12,11.3,36,OH
Jerome Dyson,2011-12,11.3,36,CT
Zach LaVine,2014-15,11.3,36,CA
Richard Jefferson,2014-15,11.3,36,AZ
Maurice Ndour,2016-17,11.3,36,OH
Matt Barnes,2014-15,11.3,36,RI
Al-Farouq Aminu,2016-17,11.3,36,NC
Terrence Ross,2014-15,11.2,35,WA
Kentavious Caldwell-Pope,2014-15,11.2,35,GA
Nick Collison,2014-15,11.2,35,KS
Toney Douglas,2014-15,11.2,35,FL
Archie Goodwin,2014-15,11.2,35,KY
Tyus Jones,2015-16,11.2,35,NC
Keyon Dooling,2012-13,11.2,35,MI
Garrett Temple,2016-17,11.2,35,LA
Steven Adams,2013-14,11.2,35,PA
Kent Bazemore,2013-14,11.2,35,VA
Matt Bonner,2013-14,11.2,35,FL
Jeremy Lamb,2012-13,11.2,35,CT
Lazar Hayward,2012-13,11.2,35,WI
Carl Landry,2013-14,11.2,35,IN
Jeff Adrien,2011-12,11.2,35,CT
Eric Bledsoe,2011-12,11.2,35,KY
Corey Brewer,2017-18,11.2,35,FL
Andre Iguodala,2017-18,11.2,35,AZ
Ramon Sessions,2017-18,11.2,35,NV
Jerian Grant,2015-16,11.2,35,NY
Jonny Flynn,2011-12,11.2,35,NY
Larry Owens,2010-11,11.2,35,OK
Roy Hibbert,2015-16,11.2,35,DC
Isaiah Canaan,2015-16,11.1,34,KY
James Jones,2014-15,11.1,34,MA
Wesley Johnson,2014-15,11.1,34,NY
Dionte Christmas,2013-14,11.1,34,PA
Archie Goodwin,2015-16,11.1,34,KY
Chris Kaman,2015-16,11.1,34,MI
Jerryd Bayless,2014-15,11.1,34,AZ
Luke Babbitt,2014-15,11.1,34,NV
James Jones,2010-11,11.1,34,MA
Eugene Jeter,2010-11,11.1,34,OR
Joey Dorsey,2014-15,11.1,34,TN
Tyler Ennis,2017-18,11.1,34,NY
Toure' Murry,2013-14,11.1,34,KS
Anthony Tolliver,2014-15,11.1,34,NE
DeMarre Carroll,2011-12,11.1,34,MI
Josh Childress,2011-12,11.1,34,CA
Jeff Foster,2011-12,11.1,34,TX
Aaron Gray,2011-12,11.1,34,PA
Richard Jefferson,2011-12,11.1,34,AZ
Samardo Samuels,2011-12,11.1,34,KY
Marquese Chriss,2017-18,11.1,34,WA
Cole Aldrich,2012-13,11.1,34,KS
Steve Novak,2013-14,11.1,34,WI
Rashard Lewis,2012-13,11.1,34,LA
Kevin Jones,2012-13,11.1,34,WV
Ramon Sessions,2014-15,11.1,34,NV
Gary Neal,2014-15,11.1,34,MD
Austin Rivers,2015-16,11.1,34,NC
Anthony Tolliver,2016-17,11.1,34,NE
Jason Thompson,2013-14,11.1,34,SC
James Jones,2016-17,11.1,34,MA
Harrison Barnes,2012-13,11.0,34,MA
Shawn Marion,2014-15,11.0,34,NV
Marcus Smart,2014-15,11.0,34,OK
Jorge Gutierrez,2014-15,11.0,34,CA
Tyler Zeller,2012-13,11.0,34,CA
Cory Joseph,2017-18,11.0,34,TX
Briante Weber,2016-17,11.0,34,VA
Francisco Garcia,2012-13,11.0,34,KY
Quincy Pondexter,2012-13,11.0,34,WA
Randy Foye,2014-15,11.0,34,PA
Aaron Gray,2010-11,11.0,34,PA
Jabari Brown,2014-15,11.0,34,MI
Lorenzo Brown,2014-15,11.0,34,NC
Wesley Johnson,2013-14,11.0,34,NY
Cartier Martin,2013-14,11.0,34,KS
Austin Daye,2013-14,11.0,34,WA
Steve Blake,2013-14,11.0,34,MD
Corey Brewer,2010-11,11.0,34,FL
Anthony Tolliver,2013-14,11.0,34,NE
Wesley Johnson,2015-16,11.0,34,NY
Jarell Eddie,2015-16,11.0,34,VA
Nazr Mohammed,2011-12,11.0,34,KY
Wilson Chandler,2017-18,11.0,34,IL
Larry Sanders,2010-11,11.0,34,VA
Doug McDermott,2015-16,10.9,33,NE
Andrew Bogut,2017-18,10.9,33,UT
Arron Afflalo,2015-16,10.9,33,CA
Wesley Matthews,2015-16,10.9,33,WI
Shane Larkin,2014-15,10.9,33,FL
Ben Uzoh,2011-12,10.9,33,OK
Jamaal Tinsley,2011-12,10.9,33,IA
Norris Cole,2014-15,10.9,33,OH
Andre Roberson,2017-18,10.9,33,OK
Robert Sacre,2014-15,10.9,33,WA
Garrett Temple,2014-15,10.9,33,LA
Hollis Thompson,2014-15,10.9,33,DC
Anthony Parker,2011-12,10.9,33,IL
Josh McRoberts,2011-12,10.9,33,NC
Jared Jeffries,2011-12,10.9,33,IN
Udonis Haslem,2011-12,10.9,33,FL
Marshall Plumlee,2017-18,10.9,33,NC
Mike Bibby,2010-11,10.9,33,AZ
Isaiah Taylor,2017-18,10.9,33,TX
Marshall Plumlee,2016-17,10.9,33,NC
Marvin Williams,2012-13,10.9,33,AL
Thomas Robinson,2012-13,10.9,33,KS
Lamar Odom,2012-13,10.9,33,RI
Dion Waiters,2014-15,10.9,33,NY
Terry Rozier,2016-17,10.9,33,KY
Danny Granger,2013-14,10.9,33,NM
Shelvin Mack,2016-17,10.9,33,IN
Raymond Felton,2016-17,10.9,33,CA
Tyler Ennis,2016-17,10.9,33,NY
James Anderson,2013-14,10.9,33,OK
David Andersen,2010-11,10.9,33,MN
Manny Harris,2013-14,10.9,33,MI
Norris Cole,2015-16,10.8,32,OH
Vince Carter,2017-18,10.8,32,CA
Justin Holiday,2017-18,10.8,32,WA
Glenn Robinson,2017-18,10.8,32,IN
Marcus Smart,2017-18,10.8,32,OK
Glen Davis,2014-15,10.8,32,LA
Landry Fields,2014-15,10.8,32,CA
David Stockton,2014-15,10.8,32,WA
Michael Carter-Williams,2017-18,10.8,32,NY
Michael Beasley,2012-13,10.8,32,KS
Willie Warren,2010-11,10.8,32,OK
Evan Turner,2010-11,10.8,32,OH
Jimmer Fredette,2011-12,10.8,32,UT
Chris Johnson,2011-12,10.8,32,CA
Iman Shumpert,2011-12,10.8,32,GA
Darryl Watkins,2011-12,10.8,32,NY
Mike Muscala,2013-14,10.8,32,PA
Chris Johnson,2013-14,10.8,32,CA
Kirk Hinrich,2013-14,10.8,32,KS
Gilbert Arenas,2010-11,10.8,32,AZ
Eric Bledsoe,2010-11,10.8,32,KY
Rodney Carney,2010-11,10.8,32,TN
Nick Collison,2010-11,10.8,32,KS
Sam Dekker,2015-16,10.8,32,WI
Nazr Mohammed,2012-13,10.8,32,KY
Kirk Hinrich,2012-13,10.8,32,KS
Noah Vonleh,2016-17,10.8,32,IN
Patrick Patterson,2016-17,10.8,32,KY
Gerald Henderson,2016-17,10.8,32,VA
Trey Burke,2016-17,10.8,32,MI
Bobby Brown,2016-17,10.8,32,FL
Alonzo Gee,2010-11,10.8,32,AL
Willie Green,2010-11,10.8,32,MI
Lazar Hayward,2010-11,10.8,32,WI
Jason Smith,2010-11,10.8,32,LA
Shane Battier,2012-13,10.7,31,NC
Chuck Hayes,2012-13,10.7,31,KY
Chase Budinger,2015-16,10.7,31,AZ
Arron Afflalo,2014-15,10.7,31,CA
Chris Johnson,2012-13,10.7,31,CA
Tyler Ennis,2015-16,10.7,31,NY
Darrun Hilliard,2015-16,10.7,31,PA
Rashard Lewis,2013-14,10.7,31,LA
Matthew Dellavedova,2013-14,10.7,31,CA
Dewayne Dedmon,2013-14,10.7,31,CA
Francisco Garcia,2011-12,10.7,31,KY
Stephen Jackson,2011-12,10.7,31,AL
Brad Miller,2011-12,10.7,31,IN
Ben Wallace,2011-12,10.7,31,VA
Josh Richardson,2016-17,10.7,31,TN
Doug McDermott,2016-17,10.7,31,NE
Dante Cunningham,2010-11,10.7,31,PA
Gordon Hayward,2010-11,10.7,31,IN
Ryan Hollins,2010-11,10.7,31,CA
Anthony Morrow,2015-16,10.7,31,GA
Jared Dudley,2016-17,10.6,30,MA
Malcolm Delaney,2017-18,10.6,30,VA
Al-Farouq Aminu,2011-12,10.6,30,NC
Dominique Jones,2010-11,10.6,30,MS
Brandon Rush,2010-11,10.6,30,KS
Von Wafer,2010-11,10.6,30,FL
Josh Smith,2015-16,10.6,30,CO
Phil Pressey,2015-16,10.6,30,MI
Patrick Patterson,2015-16,10.6,30,KY
Deyonta Davis,2016-17,10.6,30,MI
Toney Douglas,2016-17,10.6,30,FL
James Ennis,2016-17,10.6,30,CA
Treveon Graham,2016-17,10.6,30,VA
Jordan Mickey,2017-18,10.6,30,LA
Miles Plumlee,2017-18,10.6,30,NC
Derrick Williams,2016-17,10.6,30,IL
Alan Anderson,2014-15,10.6,30,MI
Michael Beasley,2014-15,10.6,30,KS
Ben Gordon,2014-15,10.6,30,CT
Udonis Haslem,2014-15,10.6,30,FL
Nate Robinson,2014-15,10.6,30,WA
Richard Hamilton,2012-13,10.6,30,CT
Jamaal Tinsley,2012-13,10.6,30,IA
Russ Smith,2015-16,10.5,29,KY
Jeff Green,2016-17,10.5,29,MD
Fred VanVleet,2016-17,10.5,29,KS
Alonzo Gee,2012-13,10.5,29,AL
Greg Stiemsma,2012-13,10.5,29,WI
Danny Green,2015-16,10.5,29,CA
Anthony Parker,2010-11,10.5,29,IL
Josh Howard,2011-12,10.5,29,NC
Henry Ellenson,2017-18,10.5,29,WI
Daniel Orton,2013-14,10.5,29,KY
Dion Waiters,2017-18,10.5,29,NY
Udonis Haslem,2013-14,10.5,29,FL
Reggie Williams,2014-15,10.5,29,DC
Jarell Martin,2017-18,10.5,29,LA
Brandon Davies,2014-15,10.5,29,UT
Shawne Williams,2014-15,10.5,29,CA
Ben McLemore,2014-15,10.4,29,KS
Terrence Ross,2012-13,10.4,29,WA
Tyler Honeycutt,2011-12,10.4,29,CA
Dexter Pittman,2011-12,10.4,29,TX
Jason Maxiell,2014-15,10.4,29,OH
Luke Harangody,2011-12,10.4,29,IN
Chuck Hayes,2014-15,10.4,29,KY
Marcus Thornton,2016-17,10.4,29,LA
Langston Galloway,2016-17,10.4,29,PA
Jeremy Evans,2017-18,10.4,29,KY
Jeremy Pargo,2012-13,10.4,29,WA
Doug McDermott,2017-18,10.4,29,NE
Mario Chalmers,2017-18,10.4,29,KS
Robert Sacre,2015-16,10.4,29,WA
Lance Thomas,2015-16,10.4,29,NC
Dominic McGuire,2010-11,10.4,29,CA
Jon Leuer,2012-13,10.4,29,WI
Shane Larkin,2017-18,10.4,29,FL
Manny Harris,2010-11,10.4,29,MI
Jae Crowder,2017-18,10.4,29,WI
Rakeem Christmas,2016-17,10.4,29,NY
Troy Daniels,2016-17,10.4,29,VA
Joel Anthony,2012-13,10.4,29,NV
Anthony Bennett,2015-16,10.4,29,NV
Mario Chalmers,2010-11,10.3,28,KS
Ryan Kelly,2015-16,10.3,28,NC
Dahntay Jones,2015-16,10.3,28,TX
Joel Anthony,2011-12,10.3,28,NV
Earl Boykins,2011-12,10.3,28,MI
Dahntay Jones,2011-12,10.3,28,TX
Jeffery Taylor,2012-13,10.3,28,TX
Austin Rivers,2014-15,10.3,28,NC
Jaylen Brown,2016-17,10.3,28,MI
Matt Barnes,2016-17,10.3,28,RI
Andrew Nicholson,2014-15,10.3,28,NY
Archie Goodwin,2013-14,10.3,28,KY
Quincy Pondexter,2013-14,10.3,28,WA
Landry Fields,2012-13,10.3,28,CA
Richard Jefferson,2012-13,10.3,28,AZ
Wesley Johnson,2012-13,10.3,28,NY
Jannero Pargo,2012-13,10.3,28,AR
Chris Johnson,2014-15,10.2,27,CA
Marcus Georges-Hunt,2016-17,10.2,27,GA
Dante Cunningham,2016-17,10.2,27,PA
Spencer Dinwiddie,2014-15,10.2,27,CO
Solomon Hill,2014-15,10.2,27,AZ
Garrett Temple,2017-18,10.2,27,LA
Jae Crowder,2012-13,10.2,27,WI
Josh McRoberts,2014-15,10.2,27,NC
Ronnie Price,2014-15,10.2,27,UT
Greg Smith,2014-15,10.2,27,KY
Tony Snell,2014-15,10.2,27,NM
Jason Thompson,2014-15,10.2,27,SC
Andre Roberson,2015-16,10.2,27,OK
Jason Terry,2015-16,10.2,27,AZ
Anthony Tolliver,2015-16,10.2,27,NE
Chris Johnson,2010-11,10.2,27,CA
Wesley Johnson,2010-11,10.2,27,NY
Earl Watson,2010-11,10.2,27,CA
Sonny Weems,2010-11,10.2,27,AR
John Salmons,2012-13,10.2,27,FL
Tim Quarterman,2016-17,10.2,27,LA
James Johnson,2012-13,10.2,27,NC
JaVale McGee,2013-14,10.2,27,NV
Linas Kleiza,2010-11,10.1,26,MI
Jamario Moon,2010-11,10.1,26,MS
Nazr Mohammed,2013-14,10.1,26,KY
Perry Jones,2013-14,10.1,26,TX
Derek Fisher,2013-14,10.1,26,AR
Derrick Jones,2017-18,10.1,26,FL
Tyler Ulis,2017-18,10.1,26,KY
Briante Weber,2017-18,10.1,26,VA
Joe Young,2017-18,10.1,26,OR
Quincy Acy,2013-14,10.1,26,TX
Lance Thomas,2012-13,10.1,26,NC
Earl Clark,2010-11,10.1,26,KY
Luke Harangody,2010-11,10.1,26,IN
Damion James,2010-11,10.1,26,TX
Maurice Ager,2010-11,10.1,26,MI
Lance Thomas,2011-12,10.1,26,NC
Brandon Rush,2015-16,10.1,26,KS
Luol Deng,2016-17,10.1,26,NC
Mike Dunleavy,2016-17,10.1,26,SC
Jerami Grant,2016-17,10.1,26,NY
Danny Green,2016-17,10.1,26,CA
Wayne Ellington,2015-16,10.1,26,CA
Anthony Morrow,2016-17,10.1,26,GA
Matt Bonner,2014-15,10.1,26,FL
Gerald Wallace,2013-14,10.0,25,AL
Sean Kilpatrick,2014-15,10.0,25,OH
Kyle Singler,2012-13,10.0,25,NC
Ronnie Brewer,2012-13,10.0,25,AR
Nick Young,2017-18,10.0,25,CA
John Jenkins,2015-16,10.0,25,TN
Roger Mason,2012-13,10.0,25,VA
Dante Cunningham,2017-18,10.0,25,PA
Kenyon Martin,2014-15,10.0,25,OH
Chuck Hayes,2013-14,10.0,25,KY
Luke Ridnour,2014-15,10.0,25,OR
Patrick Patterson,2017-18,10.0,25,KY
Derrick Caracter,2010-11,10.0,25,TX
Nate Robinson,2010-11,10.0,25,WA
James Young,2016-17,10.0,25,KY
Kurt Thomas,2010-11,10.0,25,TX
Will Bynum,2011-12,10.0,25,GA
Baron Davis,2011-12,10.0,25,CA
Martell Webster,2011-12,10.0,25,MD
Evan Turner,2017-18,9.9,25,OH
Terrence Ross,2017-18,9.9,25,WA
Udonis Haslem,2012-13,9.9,25,FL
Courtney Fortson,2011-12,9.9,25,AR
Andrew Nicholson,2013-14,9.9,25,NY
Jordan Farmar,2014-15,9.9,25,CA
Gilbert Arenas,2011-12,9.9,25,AZ
Michael Carter-Williams,2016-17,9.9,25,NY
Kenyon Martin,2011-12,9.9,25,OH
Trey Lyles,2016-17,9.9,25,KY
Jonathon Simmons,2016-17,9.9,25,NY
Acie Law,2010-11,9.9,25,TX
Quincy Pondexter,2014-15,9.9,25,WA
Keith Bogans,2013-14,9.9,25,KY
Juwan Howard,2012-13,9.9,25,MI
Corey Brewer,2015-16,9.9,25,FL
Josh McRoberts,2015-16,9.9,25,NC
Joe Young,2015-16,9.9,25,OR
Dan Gadzuric,2010-11,9.9,25,CA
Harrison Barnes,2013-14,9.8,24,MA
Brian Roberts,2016-17,9.8,24,OH
Jordan Mickey,2016-17,9.8,24,LA
Josh McRoberts,2016-17,9.8,24,NC
Ben McLemore,2016-17,9.8,24,KS
Spencer Hawes,2014-15,9.8,24,WA
Jimmer Fredette,2014-15,9.8,24,UT
Wesley Johnson,2017-18,9.8,24,NY
Steve Blake,2015-16,9.8,24,MD
Luke Babbitt,2017-18,9.8,24,NV
Aaron Brooks,2017-18,9.8,24,OR
Troy Daniels,2017-18,9.8,24,VA
Gary Payton,2017-18,9.8,24,OR
Malcolm Lee,2012-13,9.8,24,CA
Michael Redd,2010-11,9.7,24,OH
Chase Budinger,2013-14,9.7,24,AZ
Kent Bazemore,2014-15,9.7,24,VA
Robbie Hummel,2014-15,9.7,24,IN
Ray McCallum,2013-14,9.7,24,MI
Aron Baynes,2013-14,9.7,24,WA
Ty Lawson,2015-16,9.7,24,CA
Cartier Martin,2012-13,9.7,24,KS
Mike Miller,2010-11,9.7,24,FL
Tony Snell,2016-17,9.7,24,NM
Shane Battier,2011-12,9.7,24,NC
James Jones,2011-12,9.7,24,MA
Sam Young,2011-12,9.7,24,PA
Jordan McRae,2016-17,9.7,24,TN
Kyle Korver,2015-16,9.7,24,NE
Richard Jefferson,2015-16,9.7,24,AZ
Jarell Eddie,2016-17,9.7,24,VA
Donte Greene,2010-11,9.7,24,NY
Derrick Rose,2013-14,9.7,24,TN
Erick Dampier,2010-11,9.7,24,MS
Greg Stiemsma,2013-14,9.7,24,WI
Brian Cardinal,2010-11,9.7,24,IN
Ben McLemore,2017-18,9.7,24,KS
Ekpe Udoh,2010-11,9.7,24,TX
Bryce Dejean-Jones,2015-16,9.6,23,IA
Al-Farouq Aminu,2010-11,9.6,23,NC
Tyrus Thomas,2012-13,9.6,23,LA
Donald Sloan,2012-13,9.6,23,TX
Jon Brockman,2010-11,9.6,23,WA
Lance Stephenson,2016-17,9.6,23,OH
Andre Roberson,2016-17,9.6,23,OK
Shabazz Napier,2015-16,9.6,23,CT
Dejounte Murray,2016-17,9.6,23,WA
Iman Shumpert,2013-14,9.6,23,GA
Avery Bradley,2017-18,9.6,23,TX
Troy Daniels,2014-15,9.6,23,VA
Vince Carter,2014-15,9.6,23,CA
Robbie Hummel,2013-14,9.6,23,IN
Ronnie Price,2015-16,9.6,23,UT
Malachi Richardson,2016-17,9.6,23,NY
Isaiah Canaan,2013-14,9.5,22,KY
Hollis Thompson,2013-14,9.5,22,DC
Alan Anderson,2013-14,9.5,22,MI
Josh Howard,2012-13,9.5,22,NC
Mike James,2012-13,9.5,22,PA
Shawne Williams,2013-14,9.5,22,CA
Earl Watson,2011-12,9.5,22,CA
Jonathan Gibson,2016-17,9.5,22,NM
Kurt Thomas,2011-12,9.5,22,TX
Mickell Gladness,2011-12,9.5,22,AL
Tony Battie,2010-11,9.5,22,TX
Jameer Nelson,2015-16,9.5,22,PA
Steve Blake,2014-15,9.5,22,MD
Channing Frye,2014-15,9.5,22,AZ
Aaron Brooks,2016-17,9.5,22,OR
Rodney Stuckey,2016-17,9.5,22,WA
Ronny Turiaf,2012-13,9.4,22,WA
DeAndre Liggins,2012-13,9.4,22,KY
Jason Maxiell,2010-11,9.4,22,OH
Greivis Vasquez,2010-11,9.4,22,MD
Ian Clark,2017-18,9.4,22,TN
Dion Waiters,2015-16,9.4,22,NY
Justin Holiday,2015-16,9.4,22,WA
Meyers Leonard,2013-14,9.4,22,IL
Kentavious Caldwell-Pope,2013-14,9.4,22,GA
Wayne Ellington,2011-12,9.4,22,CA
Elton Brand,2014-15,9.4,22,NC
JaKarr Sampson,2014-15,9.4,22,CA
Quincy Pondexter,2011-12,9.4,22,WA
Matthew Dellavedova,2016-17,9.4,22,CA
Luke Babbitt,2012-13,9.4,22,NV
Darrell Arthur,2013-14,9.4,22,KS
Rashad Vaughn,2017-18,9.3,21,NV
Andrew Bogut,2016-17,9.3,21,UT
Alan Williams,2017-18,9.3,21,IA
Darius Miller,2017-18,9.3,21,KY
Ron Baker,2017-18,9.3,21,KS
Shabazz Napier,2014-15,9.3,21,CT
Garrett Temple,2015-16,9.3,21,LA
Festus Ezeli,2012-13,9.3,21,TN
Francisco Garcia,2013-14,9.3,21,KY
Lou Amundson,2012-13,9.3,21,NV
Caron Butler,2014-15,9.3,21,CT
Malcolm Lee,2011-12,9.3,21,CA
Rashard Lewis,2011-12,9.3,21,LA
Eduardo Najera,2011-12,9.3,21,OK
Pat Connaughton,2017-18,9.3,21,IN
Tony Wroten,2012-13,9.3,21,WA
Eric Maynor,2012-13,9.3,21,VA
Renaldo Balkman,2010-11,9.3,21,SC
Armon Johnson,2010-11,9.3,21,MN
Daequan Cook,2011-12,9.2,21,OR
Reggie Evans,2011-12,9.2,21,IA
Darius Morris,2013-14,9.2,21,MI
Toney Douglas,2013-14,9.2,21,FL
Ian Clark,2013-14,9.2,21,TN
Anthony Carter,2010-11,9.2,21,HI
Josh Howard,2010-11,9.2,21,NC
Marquis Daniels,2012-13,9.2,21,AL
Lamar Odom,2011-12,9.2,21,RI
Reggie Jackson,2011-12,9.2,21,MA
Kirk Hinrich,2011-12,9.2,21,KS
Xavier Henry,2011-12,9.2,21,KS
Hollis Thompson,2015-16,9.2,21,DC
Daniel Gibson,2011-12,9.2,21,TX
Nik Stauskas,2015-16,9.2,21,MI
Alan Anderson,2015-16,9.2,21,MI
Georges Niang,2017-18,9.2,21,IA
Will Barton,2012-13,9.1,20,TN
Troy Murphy,2012-13,9.1,20,IN
Nick Young,2015-16,9.1,20,CA
Markel Brown,2014-15,9.1,20,KY
Brendan Haywood,2014-15,9.1,20,CA
Andre Roberson,2014-15,9.1,20,OK
Eric Maynor,2011-12,9.1,20,VA
Ray McCallum,2015-16,9.1,20,MI
Udonis Haslem,2015-16,9.1,20,FL
Mike Dunleavy,2015-16,9.1,20,SC
James White,2012-13,9.1,20,DC
Solomon Jones,2011-12,9.1,20,FL
Kelly Oubre,2016-17,9.1,20,KS
Maurice Evans,2010-11,9.1,20,TX
Mario West,2010-11,9.1,20,VA
Earl Clark,2013-14,9.1,20,KY
Lou Amundson,2013-14,9.1,20,NV
Corey Brewer,2016-17,9.1,20,FL
Rodney McGruder,2016-17,9.1,20,KS
Bryn Forbes,2017-18,9.1,20,MI
Jason Terry,2016-17,9.1,20,AZ
Maurice Evans,2011-12,9.0,19,TX
Treveon Graham,2017-18,9.0,19,VA
Tyrus Thomas,2011-12,9.0,19,LA
DaJuan Summers,2011-12,9.0,19,DC
John Salmons,2011-12,9.0,19,FL
Troy Murphy,2011-12,9.0,19,IN
Diante Garrett,2012-13,9.0,19,IL
Wilson Chandler,2011-12,9.0,19,IL
Stanley Johnson,2017-18,9.0,19,KY
Nik Stauskas,2017-18,9.0,19,MI
Ryan Gomes,2010-11,9.0,19,RI
Keith Bogans,2010-11,9.0,19,KY
Carlos Arroyo,2010-11,9.0,19,FL
Malik Beasley,2017-18,9.0,19,FL
Aaron Gray,2012-13,9.0,19,PA
Joe Harris,2016-17,9.0,19,VA
Andre Roberson,2013-14,9.0,19,OK
Troy Williams,2016-17,9.0,19,SC
Nik Stauskas,2016-17,9.0,19,MI
Iman Shumpert,2016-17,9.0,19,GA
Luke Ridnour,2013-14,9.0,19,OR
Darius Miller,2013-14,9.0,19,KY
Meyers Leonard,2016-17,8.9,19,IL
Jared Dudley,2013-14,8.9,19,MA
Okaro White,2017-18,8.9,19,FL
Erick Green,2014-15,8.9,19,VA
Dante Cunningham,2014-15,8.9,19,PA
Earl Barron,2012-13,8.9,19,TN
Donald Sloan,2011-12,8.9,19,TX
DeAndre Liggins,2011-12,8.9,19,KY
Chuck Hayes,2011-12,8.9,19,KY
Carldell Johnson,2011-12,8.9,19,AL
Arron Afflalo,2016-17,8.9,19,CA
Jon Leuer,2017-18,8.9,19,WI
Spencer Dinwiddie,2015-16,8.9,19,CO
Briante Weber,2015-16,8.9,19,VA
Derek Fisher,2010-11,8.9,19,AR
Francisco Elson,2010-11,8.9,19,CA
Jared Dudley,2017-18,8.8,18,MA
Miles Plumlee,2012-13,8.8,18,NC
DeAndre' Bembry,2016-17,8.8,18,PA
Phil Pressey,2013-14,8.8,18,MI
Chris Singleton,2013-14,8.8,18,FL
Norris Cole,2013-14,8.8,18,OH
Jason Smith,2017-18,8.8,18,LA
Hilton Armstrong,2010-11,8.8,18,CT
Ian Clark,2014-15,8.8,18,TN
Udonis Haslem,2016-17,8.8,18,FL
Aron Baynes,2012-13,8.8,18,WA
Avery Bradley,2012-13,8.8,18,TX
Lance Stephenson,2014-15,8.8,18,OH
Garrett Temple,2012-13,8.8,18,LA
James Anderson,2011-12,8.8,18,OK
Brendan Haywood,2012-13,8.7,18,CA
Andrew Harrison,2016-17,8.7,18,KY
Jarell Martin,2016-17,8.7,18,LA
Elliot Williams,2014-15,8.7,18,TN
Nazr Mohammed,2014-15,8.7,18,KY
Shane Battier,2013-14,8.7,18,NC
Jorge Gutierrez,2013-14,8.7,18,CA
Elliot Williams,2013-14,8.7,18,TN
Jerami Grant,2014-15,8.7,18,NY
Allen Crabbe,2014-15,8.7,18,CA
DeMarre Carroll,2010-11,8.7,18,MI
Tony Allen,2017-18,8.7,18,OK
Morris Almond,2011-12,8.7,18,TX
Stanley Johnson,2015-16,8.7,18,KY
Alan Anderson,2011-12,8.7,18,MI
Anthony Carter,2011-12,8.7,18,HI
Quentin Richardson,2011-12,8.7,18,IL
Jerryd Bayless,2016-17,8.7,18,AZ
Ben McLemore,2015-16,8.6,17,KS
Noah Vonleh,2015-16,8.6,17,IN
Dante Cunningham,2015-16,8.6,17,PA
Danny Granger,2014-15,8.6,17,NM
Quincy Miller,2013-14,8.6,17,TX
Patrick McCaw,2016-17,8.6,17,NV
Landry Fields,2013-14,8.6,17,CA
Alonzo Gee,2013-14,8.6,17,AL
Steve Novak,2014-15,8.6,17,WI
Wayne Ellington,2010-11,8.6,17,CA
Matthew Dellavedova,2017-18,8.6,17,CA
Marcus Camby,2012-13,8.6,17,MA
Ryan Kelly,2014-15,8.6,17,NC
Jared Cunningham,2013-14,8.5,17,OR
Bernard James,2013-14,8.5,17,FL
Donald Sloan,2013-14,8.5,17,TX
Josh Harrellson,2012-13,8.5,17,KY
Ish Smith,2012-13,8.5,17,NC
Jerry Stackhouse,2012-13,8.5,17,CA
Glenn Robinson,2014-15,8.5,17,IN
Matthew Dellavedova,2014-15,8.5,17,CA
Tony Snell,2017-18,8.5,17,NM
Kyle Singler,2014-15,8.5,17,NC
Travis Wear,2014-15,8.5,17,CA
James Young,2014-15,8.5,17,KY
Alex Kirk,2014-15,8.5,17,NM
Steve Blake,2011-12,8.5,17,MD
Quincy Pondexter,2010-11,8.5,17,WA
Brandon Ingram,2016-17,8.5,17,NC
Solomon Jones,2010-11,8.5,17,FL
James Anderson,2010-11,8.5,17,OK
Norman Powell,2017-18,8.5,17,CA
Chris Duhon,2011-12,8.4,16,NC
Lance Thomas,2016-17,8.4,16,NC
Miles Plumlee,2016-17,8.4,16,NC
Wesley Johnson,2016-17,8.4,16,NY
Justise Winslow,2015-16,8.4,16,NC
Darrell Arthur,2017-18,8.4,16,KS
Ronnie Price,2011-12,8.4,16,UT
Iman Shumpert,2015-16,8.4,16,GA
Alonzo Gee,2015-16,8.4,16,AL
Juwan Howard,2010-11,8.4,16,MI
Jason Williams,2010-11,8.4,16,NY
DeQuan Jones,2012-13,8.4,16,FL
Maurice Harkless,2014-15,8.4,16,NY
Cleanthony Early,2014-15,8.4,16,KS
Anthony Tolliver,2012-13,8.4,16,NE
Andrew Goudelock,2011-12,8.4,16,SC
Jeff Withey,2017-18,8.3,16,KS
Shane Larkin,2013-14,8.3,16,FL
Raja Bell,2011-12,8.3,16,FL
Richard Jefferson,2016-17,8.3,16,AZ
Devin Ebanks,2011-12,8.3,16,WV
JaKarr Sampson,2015-16,8.3,16,CA
Brandon Roy,2012-13,8.3,16,WA
Jordan Hamilton,2014-15,8.3,16,TX
Melvin Ely,2010-11,8.3,16,CA
Trey Johnson,2010-11,8.3,16,MS
Luke Babbitt,2016-17,8.3,16,NV
Chris Douglas-Roberts,2012-13,8.3,16,TN
Anthony Tolliver,2011-12,8.3,16,NE
Chris Singleton,2011-12,8.3,16,FL
Lorenzo Brown,2013-14,8.2,15,NC
Royal Ivey,2010-11,8.2,15,TX
Raja Bell,2010-11,8.2,15,FL
Linas Kleiza,2012-13,8.2,15,MI
Quincy Acy,2017-18,8.2,15,TX
Tayshaun Prince,2013-14,8.2,15,KY
Roger Mason,2013-14,8.2,15,VA
Justise Winslow,2016-17,8.2,15,NC
Lorenzo Brown,2017-18,8.2,15,NC
Malcolm Thomas,2014-15,8.2,15,CA
Austin Daye,2014-15,8.2,15,WA
Kyle Anderson,2014-15,8.2,15,CA
Chris Johnson,2015-16,8.2,15,CA
Kelly Oubre,2015-16,8.2,15,KS
Paul Pierce,2015-16,8.2,15,KS
Jeffery Taylor,2014-15,8.2,15,TX
Jason Terry,2017-18,8.1,15,AZ
Tim Frazier,2014-15,8.1,15,PA
Joe Johnson,2017-18,8.1,15,IA
Jameer Nelson,2017-18,8.1,15,PA
Isaiah Canaan,2016-17,8.1,15,KY
Jason Maxiell,2013-14,8.1,15,OH
Joel Anthony,2013-14,8.1,15,NV
Quentin Richardson,2010-11,8.1,15,IL
Kris Dunn,2016-17,8.1,15,RI
Marquis Daniels,2011-12,8.1,15,AL
Royal Ivey,2012-13,8.1,15,TX
Earl Clark,2011-12,8.1,15,KY
Darius Morris,2012-13,8.1,15,MI
James Jones,2012-13,8.1,15,MA
Jared Jeffries,2010-11,8.0,14,IN
Tony Snell,2013-14,8.0,14,NM
Troy Murphy,2010-11,8.0,14,IN
Stephen Jackson,2012-13,8.0,14,AL
Lance Thomas,2014-15,8.0,14,NC
Solomon Hill,2016-17,8.0,14,AZ
Wesley Johnson,2011-12,8.0,14,NY
Chris Duhon,2012-13,8.0,14,NC
Derek Fisher,2011-12,8.0,14,AR
Josh Powell,2010-11,8.0,14,NC
Norris Cole,2011-12,7.9,14,OH
Willie Green,2014-15,7.9,14,MI
Hollis Thompson,2016-17,7.9,14,DC
Greg Smith,2015-16,7.9,14,KY
Corey Maggette,2012-13,7.9,14,NC
Kim English,2012-13,7.9,14,MI
Norris Cole,2012-13,7.9,14,OH
Elijah Millsap,2014-15,7.9,14,AL
Nolan Smith,2011-12,7.8,14,NC
Greg Stiemsma,2014-15,7.8,14,WI
Alex Poythress,2017-18,7.8,14,KY
Ryan Kelly,2016-17,7.8,14,NC
Marcus Cousin,2010-11,7.8,14,TX
Rashad Vaughn,2016-17,7.8,14,NV
Mike Bibby,2011-12,7.8,14,AZ
Jerry Smith,2011-12,7.8,14,KY
Antawn Jamison,2013-14,7.8,14,CA
Aaron Gray,2013-14,7.8,14,PA
Garrett Temple,2013-14,7.8,14,LA
John Salmons,2013-14,7.8,14,FL
Perry Jones,2012-13,7.8,14,TX
Chris Singleton,2012-13,7.8,14,FL
Kendall Marshall,2012-13,7.8,14,CA
Derek Fisher,2012-13,7.7,13,AR
Dominic McGuire,2012-13,7.7,13,CA
Dorian Finney-Smith,2016-17,7.7,13,FL
Allen Crabbe,2013-14,7.7,13,CA
Ben McLemore,2013-14,7.7,13,KS
Shavlik Randolph,2013-14,7.7,13,NC
Nick Collison,2015-16,7.7,13,KS
Jarrett Jack,2016-17,7.7,13,GA
Earl Watson,2012-13,7.7,13,CA
Drew Gooden,2012-13,7.7,13,KS
DeJuan Blair,2014-15,7.7,13,PA
Adreian Payne,2014-15,7.7,13,MI
Joey Graham,2010-11,7.7,13,OK
Chandler Parsons,2016-17,7.7,13,FL
Daniel Gibson,2012-13,7.7,13,TX
Ekpe Udoh,2013-14,7.6,13,TX
Ronnie Price,2013-14,7.6,13,UT
Solomon Hill,2013-14,7.6,13,AZ
Elias Harris,2013-14,7.6,13,WA
Isaiah Whitehead,2016-17,7.6,13,NJ
Mike Miller,2016-17,7.6,13,FL
DeAndre' Bembry,2017-18,7.6,13,PA
Julyan Stone,2017-18,7.6,13,TX
Randy Foye,2015-16,7.6,13,PA
Dorian Finney-Smith,2017-18,7.6,13,FL
Justin Holiday,2012-13,7.6,13,WA
Xavier Henry,2012-13,7.6,13,KS
Ish Smith,2010-11,7.6,13,NC
James Posey,2010-11,7.5,12,OH
Malcolm Delaney,2016-17,7.5,12,VA
Ron Baker,2016-17,7.5,12,KS
Chris Quinn,2010-11,7.5,12,IN
Doron Lamb,2013-14,7.5,12,KY
Brandon Davies,2013-14,7.5,12,UT
Henry Ellenson,2016-17,7.5,12,WI
Steve Blake,2010-11,7.5,12,MD
Drew Gooden,2015-16,7.5,12,KS
Nik Stauskas,2014-15,7.5,12,MI
DeAndre Liggins,2016-17,7.5,12,KY
Okaro White,2016-17,7.5,12,FL
Charles Jenkins,2012-13,7.5,12,NY
Sam Young,2012-13,7.5,12,PA
Jerryd Bayless,2017-18,7.5,12,AZ
Johnny O'Bryant,2015-16,7.4,12,LA
Mitch McGary,2015-16,7.4,12,MI
Quincy Miller,2014-15,7.4,12,TX
Chris Copeland,2014-15,7.4,12,CO
Eric Moreland,2015-16,7.4,12,OR
Shayne Whittington,2015-16,7.4,12,MI
Patrick McCaw,2017-18,7.4,12,NV
Greivis Vasquez,2015-16,7.4,12,MD
Jason Terry,2013-14,7.4,12,AZ
Tyler Ennis,2014-15,7.3,12,NY
Adonis Thomas,2013-14,7.3,12,TN
Alex Len,2013-14,7.3,12,MD
Denzel Valentine,2016-17,7.3,12,MI
Stephen Zimmerman,2016-17,7.3,12,NV
Jared Cunningham,2014-15,7.3,12,OR
Randy Foye,2016-17,7.3,12,PA
Edwin Ubiles,2011-12,7.3,12,NY
Tony Battie,2011-12,7.3,12,TX
Joel Anthony,2010-11,7.3,12,NV
Gordon Hayward,2017-18,7.3,12,IN
Ben Hansbrough,2012-13,7.2,11,IN
Walker Russell,2011-12,7.2,11,MI
Stanley Johnson,2016-17,7.2,11,KY
Shavlik Randolph,2014-15,7.2,11,NC
Kirk Hinrich,2015-16,7.2,11,KS
Dwight Buycks,2013-14,7.2,11,WI
Anthony Brown,2016-17,7.2,11,IL
Jonny Flynn,2010-11,7.1,11,NY
Toney Douglas,2011-12,7.1,11,FL
Malcolm Thomas,2011-12,7.1,11,CA
Branden Dawson,2015-16,7.1,11,MI
Nolan Smith,2012-13,7.1,11,NC
Austin Daye,2011-12,7.1,11,WA
Roger Mason,2010-11,7.1,11,VA
Draymond Green,2012-13,7.1,11,MI
Willie Green,2013-14,7.1,11,MI
Diante Garrett,2013-14,7.1,11,IL
Xavier Henry,2010-11,7.0,11,KS
Lance Stephenson,2011-12,7.0,11,OH
Josh Childress,2012-13,7.0,11,CA
Cole Aldrich,2010-11,7.0,11,KS
Damien Wilkins,2011-12,6.9,11,ID
Wayne Selden,2016-17,6.9,11,KS
Othyus Jeffers,2013-14,6.9,11,IL
Keyon Dooling,2011-12,6.9,11,MI
Ryan Hollins,2011-12,6.9,11,CA
Anthony Bennett,2013-14,6.9,11,NV
Justin Harper,2015-16,6.9,11,VA
Cory Joseph,2011-12,6.9,11,TX
Domantas Sabonis,2016-17,6.9,11,WA
Perry Jones,2014-15,6.9,11,TX
Marcus Georges-Hunt,2017-18,6.9,11,GA
Travis Wear,2017-18,6.9,11,CA
Terrence Williams,2010-11,6.9,11,KY
Ronnie Price,2012-13,6.8,10,UT
Damian Jones,2017-18,6.8,10,TX
Mustafa Shakur,2010-11,6.8,10,AZ
Marcus Banks,2010-11,6.8,10,NV
Kirk Hinrich,2014-15,6.8,10,KS
Cameron Bairstow,2015-16,6.8,10,NM
Terrel Harris,2011-12,6.7,10,OK
Keith Bogans,2012-13,6.7,10,KY
Reggie Bullock,2013-14,6.7,10,CA
Arnett Moultrie,2013-14,6.7,10,MS
Kendall Marshall,2015-16,6.7,10,CA
Lou Amundson,2015-16,6.7,10,NV
Antonio Daniels,2010-11,6.7,10,OH
Kyle Wiltjer,2016-17,6.7,10,WA
Earl Clark,2014-15,6.7,10,KY
Josh Huestis,2015-16,6.7,10,CA
Darius Morris,2014-15,6.7,10,MI
Glen Rice,2013-14,6.6,10,MI
Julyan Stone,2013-14,6.6,10,TX
Daniel Ochefu,2016-17,6.6,10,PA
Jon Brockman,2011-12,6.6,10,WA
Kyle Singler,2015-16,6.6,10,NC
Brandon Rush,2016-17,6.6,10,KS
Dennis Horner,2011-12,6.6,10,NC
Brian Scalabrine,2010-11,6.5,9,CA
Elijah Millsap,2015-16,6.5,9,AL
Wade Baldwin,2016-17,6.5,9,TN
Larry Sanders,2016-17,6.5,9,VA
Mike Miller,2015-16,6.5,9,FL
Richard Jefferson,2017-18,6.4,9,AZ
Iman Shumpert,2017-18,6.4,9,GA
Dahntay Jones,2012-13,6.4,9,TX
Tony Snell,2015-16,6.4,9,NM
Ben Gordon,2013-14,6.4,9,CT
Francisco Elson,2011-12,6.3,9,CA
Mikki Moore,2011-12,6.3,9,NE
Lance Thomas,2017-18,6.3,9,NC
Devin Ebanks,2012-13,6.3,9,WV
Darius Miller,2012-13,6.3,9,KY
Tayshaun Prince,2015-16,6.3,9,KY
Earl Barron,2010-11,6.2,9,TN
Eric Maynor,2013-14,6.2,9,VA
Rasual Butler,2010-11,6.2,9,LA
Samardo Samuels,2012-13,6.2,9,KY
Tyshawn Taylor,2012-13,6.2,9,KS
Joel Przybilla,2010-11,6.2,9,MN
Gerald Wallace,2014-15,6.2,9,AL
Reggie Bullock,2014-15,6.2,9,CA
Doug McDermott,2014-15,6.1,9,NE
James Nunnally,2013-14,6.1,9,CA
Damion James,2011-12,6.1,9,TX
Otto Porter,2013-14,6.0,8,DC
Bobby Simmons,2011-12,6.0,8,IL
Nazr Mohammed,2015-16,6.0,8,KY
James Anderson,2015-16,6.0,8,OK
Joel Przybilla,2011-12,6.0,8,MN
Keith Benson,2011-12,6.0,8,IN
Cole Aldrich,2017-18,6.0,8,KS
Jared Sullinger,2016-17,6.0,8,OH
Lester Hudson,2010-11,6.0,8,TN
Jerry Stackhouse,2010-11,6.0,8,CA
DeAndre Liggins,2017-18,6.0,8,KY
Scott Machado,2012-13,6.0,8,NY
Marquis Teague,2012-13,6.0,8,KY
Quincy Miller,2012-13,5.9,8,TX
Darrun Hilliard,2016-17,5.9,8,PA
Martell Webster,2014-15,5.9,8,MD
Austin Rivers,2012-13,5.9,8,NC
Devyn Marble,2014-15,5.9,8,IA
Malachi Richardson,2017-18,5.9,8,NY
Jeffery Taylor,2013-14,5.9,8,TX
Kyle Singler,2016-17,5.9,8,NC
Mike Scott,2016-17,5.9,8,VA
Ronnie Price,2016-17,5.9,8,UT
Andrew Nicholson,2016-17,5.9,8,NY
Jared Cunningham,2015-16,5.9,8,OR
Kyle Singler,2017-18,5.9,8,NC
Bryn Forbes,2016-17,5.9,8,MI
Larry Owens,2011-12,5.8,8,OK
Brian Cook,2011-12,5.8,8,IL
Arron Afflalo,2017-18,5.8,8,CA
Arinze Onuaku,2016-17,5.8,8,NY
Daequan Cook,2012-13,5.8,8,OR
Solomon Jones,2013-14,5.8,8,FL
Will Cherry,2014-15,5.8,8,MT
Semaj Christon,2016-17,5.7,7,OH
Marquis Teague,2017-18,5.7,7,KY
Paul Pierce,2016-17,5.7,7,KS
Peyton Siva,2013-14,5.7,7,KY
Matt Carroll,2011-12,5.6,7,IN
Chris Duhon,2010-11,5.6,7,NC
Luke Zeller,2012-13,5.6,7,IN
Adreian Payne,2015-16,5.6,7,MI
Joe Harris,2014-15,5.6,7,VA
Eduardo Najera,2010-11,5.5,7,OK
Bobby Brown,2017-18,5.5,7,FL
Luol Deng,2017-18,5.5,7,NC
Ronnie Price,2010-11,5.5,7,UT
Lance Stephenson,2010-11,5.5,7,OH
Erick Dampier,2011-12,5.5,7,MS
Jordan Hill,2016-17,5.5,7,AZ
Cameron Payne,2016-17,5.5,7,KY
Demetrius Jackson,2017-18,5.4,7,IN
Chris Copeland,2015-16,5.4,7,CO
Josh Huestis,2017-18,5.4,7,CA
Jason Collins,2010-11,5.4,7,FL
Tyshawn Taylor,2013-14,5.4,7,KS
Gal Mekel,2013-14,5.4,7,KS
Norris Cole,2016-17,5.4,7,OH
DeJuan Blair,2015-16,5.4,7,PA
Hamady N'Diaye,2010-11,5.3,7,NJ
Ime Udoka,2010-11,5.3,7,OR
Orlando Johnson,2013-14,5.3,7,CA
Chauncey Billups,2013-14,5.3,7,CO
Damian Jones,2016-17,5.3,7,TX
Russ Smith,2014-15,5.2,7,KY
Devyn Marble,2015-16,5.2,7,IA
Darius Morris,2011-12,5.2,7,MI
Luke Walton,2010-11,5.1,6,AZ
John Salmons,2014-15,5.1,6,FL
Lamar Patterson,2015-16,5.1,6,PA
Aaron Harrison,2017-18,5.1,6,KY
Earl Barron,2014-15,5.0,6,TN
Terry Rozier,2015-16,5.0,6,KY
Maalik Wayns,2012-13,5.0,6,PA
Alan Anderson,2016-17,5.0,6,MI
Jamaal Franklin,2014-15,4.9,6,CA
Gary Harris,2014-15,4.9,6,MI
Shawne Williams,2011-12,4.9,6,CA
Xavier Henry,2014-15,4.9,6,KS
Damien Wilkins,2017-18,4.9,6,ID
Anthony Brown,2015-16,4.9,6,IL
Justin Harper,2016-17,4.9,6,VA
Jake Layman,2017-18,4.9,6,MD
Jake Layman,2016-17,4.9,6,MD
Fab Melo,2012-13,4.9,6,NY
Sean Marks,2010-11,4.9,6,CA
Keith Bogans,2011-12,4.8,6,KY
Doron Lamb,2012-13,4.8,6,KY
Rasual Butler,2011-12,4.8,6,LA
Solomon Hill,2017-18,4.8,6,AZ
Grant Hill,2012-13,4.8,6,NC
Nick Johnson,2014-15,4.8,6,AZ
Will Bynum,2014-15,4.8,6,GA
Justin Dentmon,2011-12,4.8,6,WA
Jawad Williams,2010-11,4.8,6,NY
Shannon Brown,2013-14,4.7,6,MI
Earl Barron,2011-12,4.7,6,TN
Jerrelle Benimon,2014-15,4.7,6,MD
Charlie Bell,2010-11,4.7,6,MI
Royal Ivey,2011-12,4.7,6,TX
Jamaal Franklin,2013-14,4.7,6,CA
Garrett Temple,2010-11,4.7,6,LA
John Jenkins,2013-14,4.7,6,TN
Hasheem Thabeet,2010-11,4.7,6,CT
Malcolm Thomas,2013-14,4.6,5,CA
James Young,2017-18,4.6,5,KY
Pat Connaughton,2015-16,4.6,5,IN
Nate Wolters,2014-15,4.6,5,SD
Mike Miller,2014-15,4.6,5,FL
Gary Payton,2016-17,4.5,5,OR
Jason Kapono,2011-12,4.5,5,CA
Larry Drew,2014-15,4.5,5,MI
Shannon Brown,2014-15,4.4,5,MI
Lorenzo Brown,2015-16,4.4,5,NC
Jeremy Pargo,2011-12,4.4,5,WA
Ryan Gomes,2011-12,4.4,5,RI
Stephen Graham,2010-11,4.4,5,OK
Theo Ratliff,2010-11,4.4,5,WY
DaJuan Summers,2010-11,4.4,5,DC
Craig Brackins,2011-12,4.3,5,IA
DaJuan Summers,2012-13,4.3,5,DC
Ronny Turiaf,2014-15,4.3,5,WA
Aaron Harrison,2015-16,4.3,5,KY
Rashad Vaughn,2015-16,4.2,5,NV
Duje Dukan,2015-16,4.2,5,WI
Greivis Vasquez,2016-17,4.1,5,MD
Jason Collins,2013-14,4.1,5,FL
Cory Higgins,2011-12,4.1,5,CO
Brandon Rush,2013-14,4.1,5,KS
Damion James,2013-14,4.1,5,TX
Quincy Pondexter,2017-18,4.0,5,WA
Vander Blue,2014-15,4.0,5,WI
Danny Granger,2012-13,4.0,5,NM
Melvin Ely,2013-14,3.9,4,CA
Josh Childress,2013-14,3.9,4,CA
Marcus Morris,2011-12,3.8,4,IL
Johnny O'Bryant,2014-15,3.8,4,LA
Marquis Teague,2013-14,3.8,4,KY
Arinze Onuaku,2013-14,3.8,4,NY
Drew Gordon,2014-15,3.7,4,NM
Sonny Weems,2015-16,3.7,4,AR
Quinton Ross,2010-11,3.7,4,TX
Jason Collins,2011-12,3.7,4,FL
Chris Babb,2013-14,3.7,4,IA
Sherron Collins,2010-11,3.6,4,KS
Juwan Howard,2011-12,3.6,4,MI
Kay Felder,2017-18,3.6,4,MI
James Young,2015-16,3.6,4,KY
Orlando Johnson,2015-16,3.6,4,CA
Francisco Garcia,2014-15,3.6,4,KY
Byron Mullens,2010-11,3.5,4,OH
Josh Smith,2017-18,3.5,4,CO
Joe Harris,2015-16,3.4,4,VA
Robert Sacre,2012-13,3.4,4,WA
Jamario Moon,2011-12,3.4,4,MS
Luke Walton,2011-12,3.4,4,AZ
Darrun Hilliard,2017-18,3.4,4,PA
Ronnie Brewer,2013-14,3.4,4,AR
Chris Douglas-Roberts,2014-15,3.3,4,TN
Brian Cardinal,2011-12,3.3,4,IN
Josh Selby,2011-12,3.3,4,KS
Malik Allen,2010-11,3.3,4,PA
Joel Przybilla,2012-13,3.3,4,MN
Elliot Williams,2015-16,3.3,4,TN
Lazar Hayward,2011-12,3.1,4,WI
Alonzo Gee,2016-17,3.1,4,AL
Jason Collins,2012-13,3.0,3,FL
Hamady N'Diaye,2013-14,2.9,3,NJ
Matt Carroll,2012-13,2.9,3,IN
Tim Quarterman,2017-18,2.9,3,LA
Larry Drew,2017-18,2.9,3,MI
Jamaal Magloire,2011-12,2.7,3,KY
Nate Robinson,2015-16,2.6,3,WA
Hasheem Thabeet,2013-14,2.6,3,CT
Josh Powell,2013-14,2.5,3,NC
David Wear,2014-15,2.4,3,CA
Jared Jeffries,2012-13,2.4,3,IN
Avery Bradley,2010-11,2.2,3,TX
Cleanthony Early,2015-16,2.2,3,KS
Mychel Thompson,2011-12,2.2,3,MN
Earl Watson,2013-14,2.1,3,CA
Cameron Bairstow,2014-15,2.1,3,NM
Solomon Alabi,2010-11,2.0,3,FL
Jamaal Tinsley,2013-14,1.9,3,IA
Tyler Honeycutt,2012-13,1.9,3,CA
Dahntay Jones,2014-15,1.9,3,TX
Tony Wroten,2015-16,1.8,3,WA
Udonis Haslem,2017-18,1.8,3,FL
Justin Harper,2011-12,1.7,3,VA
Morris Peterson,2010-11,1.7,3,MI
Bryce Cotton,2015-16,1.7,3,RI
Dexter Pittman,2012-13,1.6,2,TX
Cartier Martin,2014-15,1.6,2,KS
Jason Kapono,2010-11,1.6,2,CA
Jarron Collins,2010-11,1.6,2,FL
Chuck Hayes,2015-16,1.6,2,KY
Mike James,2013-14,1.5,2,PA
Grant Jerrett,2014-15,1.5,2,AZ
Chris Quinn,2012-13,1.3,2,IN
Steve Novak,2016-17,1.3,2,WI
Darius Songaila,2010-11,1.2,2,NC
Jarvis Varnado,2012-13,1.2,2,MS
Jerel McNeal,2014-15,1.2,2,WI
Toure' Murry,2014-15,1.1,2,KS
Luke Babbitt,2010-11,1.0,2,NV
Brandon Rush,2014-15,0.8,2,KS
Quentin Richardson,2012-13,0.7,2,IL
Patrick Ewing,2010-11,0.6,2,DC
Kris Joseph,2012-13,0.6,2,NY
Gal Mekel,2014-15,0.5,2,KS
Lance Thomas,2013-14,0.5,2,NC
Vander Blue,2013-14,0.5,2,WI
Ronald Dupree,2010-11,0.5,2,LA
Isaiah Taylor,2016-17,0.3,2,TX
Ryan Gomes,2013-14,0.2,2,RI
Erik Murphy,2013-14,0.2,2,FL
Georges Niang,2016-17,0.1,2,IA
Xavier Silas,2011-12,0.1,2,IL
Josh Selby,2012-13,0.1,2,KS
Craig Brackins,2010-11,0.1,2,IA
Stephen Jackson,2013-14,0.1,2,AL
Brian Skinner,2010-11,0.0,2,TX
Chris Smith,2013-14,0.0,2,PA
Joe Smith,2010-11,-0.1,2,CO
Mike Tobey,2016-17,-0.1,2,VA
Pops Mensah-Bonsu,2010-11,-0.1,2,DC
Kalin Lucas,2014-15,-0.7,1,MI
Jeff Foote,2011-12,-0.9,1,NY
Shane Edwards,2013-14,-1.0,1,AR
Diamond Stone,2016-17,-1.2,1,MD
Andy Rautins,2010-11,-1.2,1,NY
Markel Brown,2017-18,-1.2,1,KY
Vander Blue,2017-18,-1.8,1,WI
Chris Wright,2012-13,-1.9,1,OH
Jarell Eddie,2017-18,-1.9,1,VA
Lamar Patterson,2016-17,-1.9,1,PA
Michael Gbinije,2016-17,-2.1,1,NY
Aaron Harrison,2016-17,-2.2,1,KY
Manny Harris,2016-17,-2.2,1,MI
Patrick Christopher,2014-15,-2.6,1,CA
Luis Montero,2015-16,-2.7,1,PA
Ike Diogu,2011-12,-2.9,1,AZ
Nate Wolters,2017-18,-2.9,1,SD
Derrick Williams,2017-18,-3.2,1,IL
Chinanu Onuaku,2017-18,-3.2,1,KY
Darington Hobson,2011-12,-3.3,1,NM
Elijah Millsap,2016-17,-3.4,1,AL
Kelenna Azubuike,2011-12,-3.4,1,KY
Glen Rice,2014-15,-3.6,1,MI
Terrel Harris,2012-13,-3.8,1,OK
Gary Neal,2016-17,-4.3,1,MD
Dan Gadzuric,2011-12,-4.3,1,CA
Kevin Murphy,2012-13,-4.5,1,TN
Scotty Hopson,2017-18,-4.6,1,TN
Keith Appling,2015-16,-4.8,0,MI
Larry Hughes,2011-12,-4.8,0,MI
Antoine Wright,2010-11,-4.8,0,TX
Xavier Silas,2017-18,-4.9,0,IL
Andre Dawkins,2014-15,-5.0,0,NC
Darius Miller,2014-15,-5.1,0,KY
Bobby Simmons,2010-11,-5.5,0,IL
Solomon Jones,2012-13,-5.7,0,FL
Dexter Pittman,2010-11,-6.4,0,TX
Andrew Goudelock,2012-13,-6.4,0,SC
Scotty Hopson,2013-14,-6.5,0,TN
Darius Johnson-Odom,2012-13,-6.7,0,NY
Blake Ahearn,2011-12,-7.3,0,MO
Julius Randle,2014-15,-7.5,0,KY
Royce White,2013-14,-8.3,0,AL
Mustafa Shakur,2013-14,-8.8,0,AZ
Gani Lawal,2010-11,-9.1,0,GA
Patricio Garino,2016-17,-9.2,0,DC
Seth Curry,2014-15,-11.4,0,NC
Josh McRoberts,2017-18,-12.5,0,NC
Hamady N'Diaye,2011-12,-13.1,0,NJ
Brian Skinner,2011-12,-14.6,0,TX
Will Conroy,2012-13,-15.2,0,WA
Luis Montero,2017-18,-15.5,0,PA
Royal Ivey,2013-14,-16.5,0,TX
Ben Bentil,2016-17,-17.6,0,RI
Hassan Whiteside,2010-11,-17.9,0,WV
Justin Dentmon,2012-13,-19.4,0,WA
Malcolm Lee,2014-15,-19.7,0,CA
Darius Johnson-Odom,2013-14,-23.0,0,NY
